6.45,8.06,3.23,4.03,2.42,4.84,3.23,2.42,11.29,1.61,4.03,5.65,4.03,4.84,3.23,12.1,7.26,8.06,0,3.23,36.29,32.26,31.45,23.39,33.87,37.9,3.23,8.87,4.03,8,2,3,3,0,0.81,1.61,20.97,18.55,3.23,2.42,7.26,24.19,20.97,1.61,6.45,8.06,15.32,17.74,1.047,0.971,0.982,-0.234,-0.635,0.439,79.44,-20.323,79.435,127.632,250.685,-7.169,62.472,-0.612,16.31,-4.813,13.547,6.194,1
9.68,6.45,4.03,4.03,2.42,2.42,3.23,2.42,8.06,1.61,3.23,8.06,3.23,5.65,3.23,12.1,8.06,7.26,0,4.84,37.9,31.45,30.65,20.97,34.68,41.94,3.23,8.06,4.84,8,2,3,3,0.81,0.81,3.23,19.35,16.13,3.23,2.42,8.87,25.81,21.77,4.03,6.45,8.87,16.94,19.35,1.035,0.981,0.989,0.122,-0.63,0.437,79.253,-19.226,83.831,128.275,253.685,-7.016,62.44,-0.663,15.968,-4.992,12.451,6.038,1
5,0,11.67,5,3.33,3.33,0,5,10,6.67,3.33,6.67,3.33,1.67,8.33,10,1.67,8.33,3.33,3.33,38.33,16.67,45,5,28.33,55,0,0,0,0,0,0,0,1.67,0,0,5,1.67,1.67,0,5,11.67,15,3.33,10,15,20,25,1.004,1.022,0.974,1.872,-0.841,0.449,85.76,-17.867,81.183,134.946,264.783,-3.162,70.945,-0.797,16.726,-5.784,18.317,6.136,1
6.21,2.26,10.17,5.65,5.08,6.78,1.69,5.08,10.17,9.6,3.39,3.39,5.08,2.82,2.82,5.65,5.65,3.39,1.69,3.39,40.11,22.6,37.29,25.99,24.86,43.5,3.39,6.78,3.95,0,0,0,0,3.95,0.56,5.08,22.6,21.47,2.26,0.56,5.65,18.08,17.51,6.78,7.91,8.47,19.77,16.95,1.009,1.022,0.963,2.844,-0.877,0.441,83.514,-12.582,75.655,131.058,266.768,-7.523,67.379,-0.49,16.307,-4.482,15.947,5.93,1
5.43,5.43,3.88,10.85,3.88,8.53,1.55,3.88,7.75,4.65,0,3.88,2.33,5.43,2.33,10.08,4.65,6.2,4.65,4.65,38.76,30.23,31.01,22.48,27.13,44.96,3.88,10.85,4.65,6,1,3,2,4.65,1.55,6.2,18.6,17.83,3.1,0.78,6.98,17.05,19.38,4.65,3.1,8.53,21.71,19.38,1.021,1.001,0.979,1.194,-0.769,0.445,82.058,-15.488,75.395,131.365,259.256,-5.464,65.684,-0.631,17.057,-4.631,14.079,5.818,1
2.7,1.08,5.41,7.57,3.78,9.19,2.7,3.78,7.03,5.41,1.08,3.78,7.03,8.11,4.86,8.11,3.24,7.57,2.7,4.86,32.97,31.35,35.68,4.32,23.78,58.92,1.08,10.27,8.11,0,0,0,0,1.08,0.54,0.54,3.24,2.16,3.78,2.16,5.41,16.22,17.84,8.11,5.95,8.65,24.32,23.78,1.046,0.976,0.975,1.724,-0.783,0.455,83.341,-19.757,75.616,132.326,260.362,-8.14,67.127,-0.878,16.227,-5.12,14.781,6.027,1
8.26,3.31,4.96,8.26,4.13,2.48,4.13,5.79,4.13,14.88,4.96,2.48,2.48,8.26,2.48,4.13,7.44,3.31,0,4.13,48.76,26.45,24.79,57.02,10.74,28.1,11.57,4.13,2.48,0,0,0,0,5.79,3.31,10.74,52.89,51.24,0.83,0.83,2.48,7.44,6.61,4.96,4.96,4.13,11.57,9.92,0.922,1.084,1.032,3.848,-0.962,0.424,85.662,2.802,77.05,132.857,269.306,-7.048,71.012,-0.026,17.085,-4.025,12.895,5.79,1
11.48,0.82,9.84,7.38,7.38,6.56,0.82,1.64,0.82,6.56,1.64,2.46,4.1,2.46,6.56,4.92,5.74,13.93,4.1,0.82,48.36,20.49,31.15,18.03,36.89,40.98,7.38,11.48,4.1,0,0,0,0,4.92,0,3.28,14.75,14.75,1.64,0,4.1,27.05,26.23,4.1,4.92,7.38,17.21,13.93,0.953,1.053,1.021,3.629,-0.876,0.432,81.315,13.057,77.557,129.106,271.926,-7.32,64.526,0.026,15.505,-3.986,13.41,5.721,1
5.21,0,8.33,5.21,4.17,9.38,1.04,7.29,7.29,11.46,2.08,7.29,2.08,1.04,6.25,4.17,8.33,5.21,2.08,2.08,39.58,23.96,36.46,3.12,36.46,54.17,0,0,0,0,0,0,0,0,1.04,0,2.08,2.08,3.12,0,9.38,19.79,15.62,2.08,4.17,11.46,17.71,16.67,1.002,1.007,1.01,3.057,-0.894,0.446,83.482,-6.667,78.104,130.173,271.917,-4.819,67.665,-0.341,15.617,-4.453,14.814,6.049,1
1.35,0,2.7,10.81,2.7,2.7,9.46,4.05,6.76,10.81,4.05,0,8.11,5.41,8.11,5.41,1.35,5.41,2.7,8.11,39.19,24.32,36.49,16.22,10.81,70.27,1.35,0,2.7,0,0,0,0,1.35,2.7,4.05,13.51,12.16,0,1.35,2.7,5.41,5.41,5.41,5.41,8.11,16.22,12.16,0.979,1.043,0.988,2.95,-0.985,0.435,91.966,-6.946,70.176,142.496,268.892,-11.058,79.078,-0.919,19.173,-5.976,19.892,6.325,1
5.41,0,2.7,13.51,0,5.41,0,10.81,13.51,8.11,0,0,8.11,5.41,0,2.7,5.41,16.22,2.7,0,43.24,18.92,37.84,37.84,0,56.76,0,0,0,0,0,0,0,0,2.7,8.11,32.43,27.03,0,0,0,0,0,2.7,2.7,13.51,24.32,18.92,0.923,1.084,1.03,2.465,-0.965,0.449,85.208,-15.541,76.432,127.956,263.946,-4.086,69,0.054,15.361,-3.352,15.332,6.01,1
4.35,0,13.04,0,4.35,4.35,0,8.7,4.35,8.7,0,4.35,4.35,4.35,17.39,0,0,17.39,0,4.35,47.83,8.7,43.48,0,17.39,73.91,0,0,0,0,0,0,0,0,0,0,0,0,4.35,0,0,0,0,8.7,4.35,0,30.43,26.09,0.954,1.004,1.115,3.074,-0.983,0.453,89.265,5.739,74.609,136.5,272.087,-1.006,75.722,-0.204,17.493,-5.674,18.178,6.496,1
7.55,0.92,4.81,5.49,2.75,7.55,3.2,4.35,5.72,12.13,3.43,4.12,5.03,3.89,4.35,6.64,5.26,6.41,2.06,4.35,43.94,26.54,29.52,60.41,1.14,32.27,27,0.23,7.09,0,0,0,0,10.53,2.75,11.9,54.23,48.05,0.23,0.23,0.46,0.69,0.92,3.66,3.43,6.86,14.65,12.36,0.992,1.018,1.009,3.441,-0.917,0.436,83.261,0.65,75.572,129.916,271.453,-8.118,67.424,-0.211,15.832,-4.013,12.644,6.047,1
7.65,0.76,5.35,7.07,3.44,7.84,3.06,6.31,7.46,6.69,1.53,5.54,4.02,3.06,2.49,9.18,5.74,8.41,0.96,3.44,39.2,28.87,31.93,35.95,24.86,31.74,13.19,10.71,6.12,3,1,2,0,5.74,2.29,8.41,31.74,28.11,3.44,0.96,3.25,17.78,18.93,4.4,4.97,4.78,17.97,13.96,1.01,1.007,0.992,2.011,-0.817,0.445,80.555,-10.532,80.837,127.103,266.834,-6.008,63.508,-0.325,14.778,-4.076,13.509,5.948,1
8.09,0.74,7.35,3.68,3.68,9.56,2.21,7.35,3.68,11.76,4.41,2.94,6.62,4.41,3.68,5.15,4.41,8.09,0.74,1.47,46.32,25.74,27.94,5.15,36.76,52.94,0,12.5,5.15,0,0,0,0,0,0,0,4.41,2.94,2.21,1.47,2.94,23.53,25,3.68,5.15,5.88,19.12,18.38,0.986,1.019,1.021,3.881,-0.944,0.439,80.879,9.971,76.713,125.661,272.132,-8.26,63.734,0.204,14.625,-3.17,11.039,5.913,1
6.19,2.14,4.52,7.14,4.52,6.19,3.81,6.19,4.29,9.05,2.86,4.05,5.48,5,5.48,4.52,6.43,5,3.1,4.05,43.1,25.95,30.95,36.43,11.43,46.9,11.67,6.43,13.33,0,0,0,0,7.38,2.14,6.43,33.1,31.67,1.19,0.95,3.1,7.86,8.33,6.43,5.48,12.14,23.81,20,0.987,1.018,1.018,3.171,-0.913,0.436,85.367,1.1,75.031,133.613,267.183,-9.325,70.258,-0.356,17.139,-4.545,13.574,6.003,1
3.78,0,6.3,4.2,3.36,4.62,2.94,6.3,6.72,12.61,1.26,8.4,2.52,7.56,4.2,7.14,5.88,7.56,2.52,2.1,39.5,28.15,32.35,58.82,0,36.55,16.81,0,5.04,0,0,0,0,14.29,3.36,13.03,51.68,51.26,0,0,0,0,0,4.2,5.88,7.56,20.17,15.97,0.981,1.013,1.044,3.111,-0.894,0.441,85.636,-7.828,80,132.742,265.895,-5.61,71.114,-0.413,16.276,-4.725,13.218,6.03,1
6.5,1.63,8.13,8.13,3.25,5.69,3.25,8.94,4.88,12.2,4.07,3.25,4.07,4.88,4.07,4.07,3.25,6.5,0,3.25,46.34,21.14,32.52,43.09,24.39,28.46,8.13,9.76,4.88,0,0,0,0,3.25,1.63,6.5,41.46,37.4,0.81,0.81,2.44,19.51,18.7,2.44,5.69,4.88,13.01,13.82,0.953,1.059,1.014,3.216,-0.961,0.438,84.522,1.228,78.016,131.006,271.22,-5.111,68.741,-0.051,16.185,-4.056,14.954,5.832,1
5.57,1.39,6.27,7.32,3.14,10.8,2.09,6.27,5.57,11.15,3.14,3.14,1.74,2.79,6.27,8.71,5.23,6.62,1.05,1.74,40.07,29.62,30.31,33.45,16.38,37.98,7.67,11.15,5.92,0,0,0,0,4.88,2.09,5.23,29.27,28.92,1.74,0.7,2.79,13.24,12.89,5.92,5.92,5.92,21.6,17.07,0.998,1.021,0.992,2.485,-0.851,0.447,81.055,-4.411,77.645,127.557,269.735,-3.758,64.225,-0.192,15.101,-4.121,14.49,6.014,1
4.46,2.55,5.1,8.28,3.82,7.64,3.18,1.91,12.1,13.38,3.18,7.64,1.91,6.37,3.82,4.46,3.18,2.55,0.64,3.82,36.31,24.84,38.85,52.23,5.1,35.67,5.1,1.91,1.91,0,0,0,0,6.37,2.55,10.19,45.86,44.59,0.64,0,1.27,2.55,1.91,5.73,7.01,5.1,17.2,15.92,1.001,1.037,0.954,2.229,-0.789,0.441,85.323,-23.669,74.911,133.465,264.408,-4.295,70.468,-0.866,16.931,-5.144,17.121,6.132,1
4.55,4.55,4.55,7.58,3.79,9.09,2.27,4.55,6.82,7.58,0.76,7.58,3.03,3.79,3.03,8.33,5.3,1.52,6.06,5.3,38.64,28.79,32.58,21.97,24.24,46.97,4.55,9.09,6.06,6,1,3,2,5.3,3.03,4.55,18.94,18.18,1.52,1.52,3.79,18.94,19.7,3.79,2.27,13.64,21.97,23.48,1.048,0.971,0.981,2.077,-0.822,0.442,83.671,-9.886,74.303,133.507,263.015,-8.078,68.067,-0.737,17.574,-4.808,13.149,5.891,1
6.73,1.84,4.49,7.14,5.71,6.12,1.84,6.33,6.33,8.78,4.08,4.08,7.14,4.08,4.08,5.1,5.1,6.53,2.45,2.04,44.49,22.24,33.27,36.53,12.45,45.1,12.45,8.16,12.65,0,0,0,0,7.14,2.65,7.35,32.24,29.18,2.04,0,1.63,8.98,9.39,7.76,4.9,7.96,23.06,20,0.981,1.031,1.006,3.39,-0.937,0.436,84.518,1.486,75.765,131.225,265.871,-9.533,68.942,-0.149,16.493,-4.024,12.78,5.994,1
8.12,2.5,8.12,9.38,1.88,1.88,1.88,3.75,6.88,15,2.5,2.5,5,5,3.12,6.25,6.25,8.12,0.62,1.25,43.75,21.25,35,13.75,41.88,36.88,1.88,17.5,0.62,3,0,3,0,1.88,0.62,1.88,11.88,11.25,5.62,3.12,6.88,31.25,30,6.25,3.75,6.25,18.12,15.62,0.949,1.078,0.984,3.132,-0.899,0.436,83.373,-8.944,78.556,129.548,267.113,-6.372,66.919,-0.158,15.802,-4.24,15.408,5.803,1
7.94,2.65,5.82,2.12,2.65,4.76,1.06,3.17,3.17,7.41,2.65,3.17,6.88,0,6.35,13.23,8.47,11.11,3.17,4.23,44.97,27.51,27.51,14.81,33.86,46.56,3.7,15.34,7.94,0,0,0,0,2.12,0.53,3.17,11.64,11.64,4.23,1.59,6.35,21.69,23.81,8.99,6.35,12.17,25.4,16.93,1.027,0.965,1.036,2.79,-0.913,0.438,80.539,7.593,78.032,127.52,267.614,-10.831,63.612,0.014,15.477,-3.983,10.194,6.051,1
13.82,0.47,5.62,7.49,3.51,7.26,2.11,4.22,3.98,7.49,1.41,3.51,3.51,6.09,4.92,5.15,7.03,6.79,2.11,3.51,43.33,27.63,29.04,49.65,11.24,33.96,11.01,8.2,8.9,0,0,0,0,8.2,2.58,9.37,44.5,41.92,1.41,1.17,3.98,9.13,9.37,3.28,5.85,9.6,19.91,16.63,0.971,1.051,0.99,2.939,-0.773,0.439,80.473,-5.89,79.874,127.746,269.206,-5.789,63.647,-0.334,14.871,-4.153,12.905,5.909,1
4.94,1.23,3.46,5.93,5.19,3.7,1.98,8.89,8.64,9.63,1.48,5.43,3.7,3.7,4.44,9.63,6.91,4.44,1.48,5.19,42.47,25.93,31.6,49.38,10.86,35.56,14.81,3.7,6.42,0,0,0,0,8.64,2.22,6.42,45.19,40,1.23,0.99,1.98,6.91,7.41,4.69,3.21,6.42,18.27,17.78,0.987,1.009,1.037,2.983,-0.973,0.441,86.341,-8.314,78.385,133.339,266.094,-6.755,72.045,-0.283,16.93,-4.525,13.134,6.137,1
2.33,0.78,5.43,10.08,5.43,5.43,3.1,6.98,14.73,8.53,0,1.55,6.98,1.55,4.65,7.75,3.88,4.65,2.33,3.88,34.88,21.71,43.41,31.01,13.18,51.94,2.33,4.65,3.1,0,0,0,0,7.75,2.33,2.33,28.68,26.36,0,0.78,3.88,7.75,10.08,6.98,4.65,6.98,19.38,17.83,1.011,1.024,0.954,2.337,-0.925,0.45,87.694,-24.938,72.76,135.211,263.395,-7.589,72.829,-0.781,17.366,-5.216,19.614,6.279,1
4.73,1.78,10.06,8.88,1.78,8.28,1.78,13.61,4.73,11.24,1.78,4.73,2.96,0.59,7.1,5.33,1.78,7.69,0,1.18,43.79,17.75,38.46,40.83,17.75,34.32,7.1,8.28,4.14,0,0,0,0,8.28,2.37,7.69,38.46,34.32,2.37,1.78,4.14,13.61,13.02,2.96,7.1,2.37,20.71,15.38,0.978,1.034,1.007,2.294,-0.944,0.453,82.967,-0.899,80.101,128.65,271.604,-1.438,66.024,0.015,15.512,-4.175,16.845,5.888,1
18.75,0,0,14.58,2.08,4.17,0,0,16.67,25,0,0,2.08,6.25,0,10.42,0,0,0,0,45.83,20.83,33.33,87.5,0,8.33,6.25,0,0,0,0,0,0,6.25,0,8.33,83.33,85.42,0,0,0,0,0,0,2.08,0,6.25,4.17,0.899,1.191,0.876,4.727,-0.854,0.432,81.975,-27.917,75.333,124.367,271.521,-1.131,65.615,-0.167,14.173,-3.247,15.994,6.152,1
3.14,0,7.55,11.32,5.66,6.29,3.77,3.14,9.43,6.92,0,7.55,3.14,3.77,3.14,3.77,6.92,9.43,1.89,3.14,33.33,24.53,42.14,13.84,44.03,35.85,0.63,9.43,0,0,0,0,0,1.26,0,2.52,11.32,12.58,7.55,2.52,10.06,34.59,33.96,3.77,5.66,7.55,16.98,14.47,1,1.026,0.975,1.711,-0.795,0.445,84.86,-23.006,78.931,133.816,265.195,-5.745,69.193,-0.883,16.346,-5.344,18.403,5.872,1
8.67,0,6.67,11.33,5.33,6.67,1.33,3.33,10.67,4.67,0.67,3.33,4.67,0.67,6.67,6,4,13.33,2,0,38,18.67,43.33,18,27.33,47.33,0.67,8.67,3.33,0,0,0,0,2.67,1.33,1.33,14.67,13.33,0,0,2,21.33,19.33,2.67,3.33,9.33,22,21.33,0.975,1.063,0.956,1.731,-0.77,0.446,82.486,-17.187,78.633,129.374,264.94,-3.937,65.767,-0.519,15.293,-4.819,18.878,6.127,1
3.53,5.88,4.12,6.47,5.88,6.47,2.35,5.88,11.76,4.12,1.18,5.29,5.88,2.94,5.29,8.24,5.29,4.12,1.76,3.53,35.88,25.29,38.82,7.06,25.29,60,1.76,10.59,11.76,10,2,3,5,0.59,0.59,1.18,6.47,5.88,4.12,2.94,4.12,17.65,19.41,10.59,5.88,8.24,31.18,27.06,1.049,0.972,0.975,1.126,-0.787,0.446,84.133,-19.265,74.188,132.64,255.382,-8.317,68.413,-0.724,17.581,-5.136,15.904,6.242,1
4.76,6.35,3.97,5.56,3.17,4.76,3.97,2.38,5.56,1.59,3.97,7.94,4.76,5.56,7.14,11.11,5.56,7.94,0,3.97,34.13,30.95,34.92,20.63,34.92,40.48,3.17,7.94,3.97,8,2,3,3,1.59,0.79,3.97,19.05,14.29,2.38,2.38,8.73,23.02,22.22,5.56,7.94,7.14,19.05,16.67,1.057,0.961,0.98,-0.168,-0.637,0.444,80.725,-17.183,81.254,130.927,252.468,-7.828,64.047,-0.836,16.633,-5.611,14.315,6.117,1
10.28,1.87,1.87,6.54,8.41,4.67,5.61,2.8,0,8.41,3.74,9.35,8.41,3.74,2.8,7.48,5.61,5.61,1.87,0.93,43.93,27.1,28.97,2.8,42.99,47.66,0,4.67,2.8,2,0,2,0,0.93,0.93,0,1.87,0.93,4.67,0.93,8.41,28.04,29.91,1.87,5.61,10.28,8.41,6.54,1.008,1.01,0.989,3.656,-0.857,0.423,81.189,12.794,80.131,128.924,265.523,-14.982,64.477,-0.12,15.614,-3.858,9.53,5.813,1
2.63,0,5.26,17.11,6.58,6.58,0,2.63,13.16,15.79,2.63,3.95,3.95,3.95,0,7.89,2.63,3.95,0,1.32,35.53,21.05,43.42,63.16,0,32.89,3.95,0,1.32,0,0,0,0,5.26,2.63,7.89,57.89,48.68,0,0,0,0,0,2.63,9.21,11.84,17.11,14.47,0.97,1.097,0.903,2.879,-0.918,0.447,85.074,-30.197,76.921,131.617,266.118,-4.27,69.076,-0.595,15.874,-4.465,18.286,5.735,1
2.78,1.85,1.85,9.26,3.7,6.48,2.78,7.41,7.41,13.89,0.93,4.63,2.78,6.48,5.56,3.7,9.26,6.48,0.93,1.85,39.81,28.7,31.48,65.74,0,33.33,3.7,0,0.93,0,0,0,0,8.33,1.85,8.33,63.89,59.26,0,0,0,0,0,6.48,0.93,6.48,18.52,14.81,0.961,1.035,1.044,3.008,-0.927,0.442,86.343,-9.213,75.315,132.471,265.815,-5.572,71.669,-0.252,16.768,-4.461,14.313,6.131,1
6.55,1.31,6.55,8.73,3.06,7.42,2.18,3.49,2.62,12.66,2.18,5.24,4.37,6.99,3.93,1.75,8.3,9.17,0.44,3.06,41.92,26.64,31.44,30.57,30.13,34.06,8.3,8.73,3.06,0,0,0,0,5.24,2.18,4.8,25.33,25.76,2.62,0.87,6.55,23.14,24.02,2.62,3.06,4.8,17.47,12.66,0.973,1.033,1.02,3.117,-0.866,0.44,82.317,-3.803,77.716,129.183,270.052,-6.927,65.674,-0.226,15.394,-4.115,12.893,5.737,1
3.21,3.21,5.77,8.33,3.21,8.33,1.28,10.9,8.97,7.69,3.21,4.49,1.92,3.85,3.21,2.56,7.05,7.05,1.28,4.49,44.23,23.08,32.69,33.97,24.36,33.97,5.13,10.26,2.56,0,0,0,0,4.49,1.92,8.97,29.49,29.49,3.21,1.92,5.13,17.31,17.95,5.77,1.92,6.41,15.38,10.9,0.969,1.023,1.048,2.161,-0.944,0.443,85.396,-6.269,76.237,131.954,267.417,-3.201,70.32,-0.157,16.981,-4.096,14.511,5.947,1
2.78,1.85,4.63,8.33,2.78,7.41,3.7,4.63,2.78,1.85,6.48,6.48,2.78,5.56,6.48,4.63,8.33,8.33,0,10.19,38.89,29.63,31.48,57.41,3.7,36.11,0,0,0,0,0,0,0,13.89,3.7,15.74,54.63,49.07,0,0,0,1.85,1.85,3.7,2.78,4.63,11.11,12.04,1.013,0.982,1.033,0.901,-0.813,0.444,84.478,-10.259,80.204,135.451,266.639,-6.105,69.474,-0.769,17.076,-5.408,14.104,5.909,1
6.4,2.36,7.41,7.07,5.72,10.77,2.69,6.06,9.43,6.73,1.68,4.71,5.39,2.69,2.36,5.72,3.7,6.73,1.01,1.35,38.05,25.59,36.36,35.35,17.17,39.06,6.4,10.77,8.08,0,0,0,0,6.73,1.35,5.05,33.67,32.66,2.69,1.35,4.04,15.15,12.46,7.74,9.76,11.78,20.88,21.21,1.026,1.004,0.961,2.127,-0.801,0.446,80.504,-10.811,76.259,126.909,264.862,-6.85,62.985,-0.376,15.171,-3.993,15.136,5.952,1
5.3,2.65,5.3,7.95,6.62,3.31,1.99,4.64,8.61,12.58,4.64,7.95,3.31,5.3,5.96,4.64,2.65,3.31,0,3.31,43.05,17.88,39.07,74.17,0,22.52,3.31,0,1.99,4,2,0,2,5.3,0,7.95,70.86,62.25,0,0,0,0,0,3.97,1.32,1.32,13.25,9.93,0.967,1.055,0.991,3.007,-0.909,0.434,87.467,-9.808,77.106,135.614,264.887,-5.641,73.529,-0.499,17.676,-5.073,15.823,6.079,1
5.43,5.43,3.88,10.85,4.65,7.75,3.88,6.98,9.3,3.1,0,3.1,0.78,6.2,0.78,12.4,2.33,5.43,4.65,3.1,38.76,32.56,28.68,22.48,26.36,44.96,3.88,11.63,4.65,6,1,3,2,4.65,2.33,3.88,20.93,17.83,4.65,3.1,4.65,20.16,20.16,4.65,4.65,10.85,17.05,17.05,1.004,1.02,0.977,0.926,-0.759,0.442,82.443,-14.798,77.225,131.552,256.992,-4.022,66.426,-0.581,17.167,-4.567,15.196,5.839,1
7.32,5.69,4.88,6.5,8.13,3.25,2.44,3.25,5.69,3.25,2.44,7.32,2.44,5.69,1.63,8.94,5.69,4.07,6.5,4.88,45.53,26.02,28.46,21.14,32.52,39.02,3.25,10.57,5.69,6,1,3,2,4.88,2.44,4.07,18.7,17.07,3.25,2.44,8.13,19.51,23.58,5.69,3.25,6.5,19.51,15.45,0.996,1.007,1.02,2.47,-0.85,0.424,85.371,0.878,76.65,136.309,259.252,-9.557,71.167,-0.524,18.689,-4.78,11.698,5.758,1
12.5,6.25,6.25,0,9.38,3.12,0,0,6.25,12.5,0,6.25,0,6.25,6.25,9.38,3.12,6.25,3.12,3.12,53.12,21.88,25,9.38,0,90.62,0,0,9.38,2,0,0,2,3.12,0,0,9.38,3.12,0,0,0,0,0,12.5,9.38,3.12,46.88,50,0.963,1.024,1.058,4.141,-0.889,0.42,83.959,10.531,73.25,131.613,265.281,-5.954,69.797,0.022,17.68,-4.139,10.356,6.102,1
6.2,5.43,4.65,10.85,3.88,6.98,1.55,3.88,7.75,5.43,0.78,3.88,0.78,5.43,3.1,9.3,3.88,6.98,4.65,4.65,41.86,27.13,31.01,24.03,24.81,44.96,3.88,11.63,3.88,6,1,3,2,5.43,1.55,6.2,21.71,19.38,3.88,2.33,3.88,17.83,17.83,5.43,2.33,10.08,18.6,17.83,0.992,1.026,0.993,1.391,-0.793,0.44,83.368,-12.132,75.798,132.833,260.907,-3.821,67.756,-0.56,17.507,-4.737,14.83,5.828,1
9.76,5.69,3.25,6.5,8.13,4.07,3.25,0.81,4.88,3.25,3.25,6.5,2.44,6.5,3.25,10.57,2.44,4.88,6.5,4.07,46.34,26.83,26.83,19.51,32.52,41.46,4.07,11.38,5.69,6,1,3,2,4.07,1.63,6.5,17.89,17.07,5.69,1.63,7.32,18.7,21.95,4.88,3.25,8.13,20.33,14.63,0.992,1.022,1,2.456,-0.792,0.422,84.248,3.902,76.057,135.276,258.789,-9.195,69.824,-0.533,18.385,-4.785,11.723,5.878,1
12.06,0,3.55,12.77,5.67,10.64,2.13,4.96,7.09,7.8,2.13,2.13,3.55,4.26,4.96,2.84,6.38,2.13,1.42,3.55,39.72,26.24,34.04,81.56,0,14.18,5.67,0,0.71,0,0,0,0,7.8,0.71,14.18,77.3,75.89,0,0,0,0,0,0.71,3.55,2.13,7.8,7.8,0.975,1.074,0.935,2.85,-0.782,0.443,81.821,-15.22,76.539,129.352,269.957,-5.269,65.145,-0.562,15.307,-4.323,15.911,5.965,1
5.94,3.96,4.95,5.94,2.97,6.93,0.99,6.93,4.95,7.92,0,8.91,0.99,5.94,2.97,11.88,9.9,3.96,0.99,2.97,35.64,35.64,28.71,9.9,55.45,21.78,0,0.99,0,4,0,4,0,0.99,0,1.98,9.9,5.94,1.98,4.95,12.87,39.6,33.66,1.98,1.98,2.97,10.89,11.88,1.037,0.97,1.006,1.314,-0.739,0.45,79.186,-17.416,84.04,126.877,259.634,-4.957,61.988,-0.447,15.126,-4.475,10.982,5.807,1
12.5,0,4.17,8.33,5.56,6.94,8.33,4.17,9.72,4.17,2.78,5.56,1.39,1.39,0,2.78,11.11,5.56,1.39,4.17,40.28,30.56,29.17,26.39,20.83,45.83,0,0,0,0,0,0,0,6.94,0,6.94,25,20.83,0,0,4.17,9.72,9.72,1.39,4.17,11.11,6.94,11.11,0.97,1.056,0.98,2.304,-0.753,0.424,81.782,-8.653,80.014,129.57,271.375,-7.802,65.757,-0.531,15.39,-4.206,16.005,5.994,1
4.1,5.74,8.2,8.2,4.92,5.74,2.46,2.46,9.02,5.74,0,2.46,4.1,3.28,1.64,9.02,7.38,7.38,4.1,4.1,38.52,27.87,33.61,22.13,29.51,43.44,3.28,11.48,3.28,6,1,3,2,4.92,2.46,6.56,21.31,18.85,2.46,0,5.74,22.13,22.95,6.56,8.2,10.66,18.03,15.57,1.026,0.992,0.983,1.609,-0.819,0.44,82.804,-13.582,74.008,132.068,260.221,-8.505,66.349,-0.588,17.311,-4.736,15.559,5.79,1
4.88,5.69,4.07,7.32,5.69,5.69,3.25,4.88,9.76,8.13,1.63,3.25,2.44,0.81,6.5,7.32,2.44,7.32,5.69,3.25,47.15,19.51,33.33,21.95,34.15,38.21,4.07,9.76,4.07,6,1,3,2,2.44,1.63,5.69,20.33,17.07,4.88,1.63,4.88,23.58,24.39,2.44,3.25,1.63,15.45,13.82,0.978,1.024,1.026,2.627,-0.941,0.429,87.625,4.431,69.61,136.193,264.797,-6.494,73.772,-0.293,19.039,-4.725,16.227,6.235,1
9.86,0,4.93,7.75,0,2.82,1.41,4.93,7.75,14.08,4.93,4.23,6.34,6.34,2.82,4.93,6.34,7.75,0,2.82,44.37,21.83,33.8,78.17,0,21.83,6.34,0,0.7,0,0,0,0,14.08,0.7,6.34,74.65,72.54,0,0,0,0,0,2.11,2.82,2.82,9.15,7.75,0.946,1.076,0.995,3.343,-0.9,0.436,83.494,-10.289,80.521,128.622,268.852,-6.425,67.509,-0.167,15.059,-3.974,13.146,5.978,1
8.06,0.81,4.84,5.65,1.61,5.65,2.42,0.81,4.84,14.52,0.81,7.26,0,8.06,5.65,10.48,7.26,10.48,0,0.81,37.9,33.87,28.23,45.97,12.9,37.1,6.45,3.23,4.84,0,0,0,0,5.65,3.23,11.29,42.74,41.13,0.81,0,2.42,8.06,6.45,7.26,8.06,12.1,14.52,14.52,0.977,1.032,1.016,2.389,-0.739,0.442,80.165,-12.806,82.79,126.555,265.734,-2.927,63.644,-0.337,14.343,-4.518,12.702,6.016,1
3.18,1.91,6.37,8.92,4.46,5.73,1.91,10.19,8.28,5.73,1.91,7.01,3.82,3.18,0.64,12.74,3.18,7.64,0.64,2.55,38.22,26.75,35.03,0.64,55.41,31.85,0,17.83,6.37,0,0,0,0,0,0,0,0,0.64,3.18,1.91,14.01,45.22,46.5,5.1,4.46,4.46,19.75,15.92,1.014,1.003,0.991,1.394,-0.872,0.45,81.873,-14.306,83.917,128.699,261.541,-4.782,65.13,-0.288,15.423,-4.214,13.863,5.765,1
9.22,0.71,5.44,6.15,3.07,7.57,4.49,6.62,3.07,10.17,2.13,4.26,4.26,6.15,5.2,4.02,6.15,6.86,1.65,2.84,43.26,28.37,28.37,37.12,21.04,33.1,13.48,13,9.22,0,0,0,0,5.44,2.13,8.98,34.04,32.62,2.84,1.42,4.02,16.55,14.89,5.91,5.44,7.09,16.78,15.84,0.975,1.031,1.02,3.224,-0.856,0.438,82.558,1.941,77.969,129.425,270.168,-7.137,66.375,-0.21,15.517,-4.125,13.073,5.974,1
11.67,1.17,4.28,6.61,1.95,7,1.56,5.45,4.47,12.65,2.33,3.5,4.86,5.25,7.2,5.25,4.09,4.86,0.58,5.25,45.91,23.15,30.93,56.03,8.37,30.54,12.06,6.81,5.64,0,0,0,0,6.61,2.53,10.7,49.42,47.08,0.58,0.39,2.92,7,7.59,4.09,2.92,6.03,18.29,14.2,0.976,1.041,0.999,3.428,-0.88,0.441,82.718,-3.208,76.541,129.126,271.833,-5.683,66.624,-0.218,15.565,-4.162,12.91,6.106,1
6.58,1.32,14.47,6.58,9.21,7.89,0,6.58,5.26,6.58,5.26,5.26,1.32,1.32,5.26,6.58,6.58,3.95,0,0,39.47,22.37,38.16,65.79,0,28.95,0,0,2.63,0,0,0,0,10.53,3.95,9.21,57.89,56.58,0,0,0,0,0,10.53,13.16,10.53,18.42,13.16,0.995,1.041,0.956,2.491,-0.823,0.444,80.813,-7.342,83.013,129.282,267.447,-4.223,63.775,-0.339,15.254,-4.619,16.432,5.644,1
14.75,1.64,5.15,6.56,2.81,5.62,1.17,5.15,3.98,9.13,0,3.04,5.15,5.39,4.92,7.96,7.03,8.43,0.47,1.64,44.03,27.17,28.81,45.9,15.69,34.43,12.18,7.26,7.26,0,0,0,0,7.49,2.11,9.37,42.15,39.34,1.64,1.41,2.11,11.94,12.41,4.22,4.68,6.56,18.74,14.75,0.976,1.043,0.993,2.872,-0.779,0.441,78.413,-5.321,81.276,123.808,266.717,-6.232,60.451,-0.044,13.997,-3.709,11.689,5.94,1
13.6,0,8.8,8,4.8,7.2,2.4,4,4.8,5.6,0,1.6,7.2,1.6,4.8,4,4,10.4,3.2,4,45.6,19.2,35.2,19.2,35.2,40,0,4.8,4,0,0,0,0,4.8,0,4,17.6,16,0,0,8,22.4,23.2,1.6,3.2,8,22.4,22.4,0.984,1.042,0.977,3.249,-0.854,0.439,81.13,0.36,76.312,128.305,272.856,-8.258,63.731,-0.256,15.122,-4.019,15.008,5.871,1
10.37,0.37,5.56,4.81,1.85,8.52,1.85,4.44,4.07,13.7,0,4.81,4.44,2.22,5.56,6.67,4.81,10.37,0.74,4.81,46.67,24.07,29.26,30.37,19.26,43.33,10,11.11,7.04,0,0,0,0,4.44,1.85,2.96,28.89,25.56,1.48,1.11,3.33,14.44,14.81,4.44,5.93,8.89,22.96,20,0.992,1.007,1.031,3.596,-0.924,0.441,80.764,4.019,76.5,125.785,276.452,-5.991,63.748,0.065,14.543,-3.532,11.67,6.034,1
15.91,0.91,5,3.64,2.27,8.18,1.36,5.91,5,11.36,3.18,1.36,5,5.91,2.73,4.55,5.91,9.09,0.45,2.27,51.36,25.91,22.73,53.18,15.45,25.91,10.91,12.27,4.55,0,0,0,0,8.18,2.27,5.45,48.18,47.27,1.82,0.45,4.09,12.73,14.09,2.27,3.64,2.27,15.45,10.45,0.945,1.06,1.029,4.089,-0.881,0.432,78.966,8.605,77.773,122.463,273.455,-6.127,61.6,0.37,13.829,-2.636,9.551,5.983,1
1.77,2.65,4.42,8.85,0.88,7.96,2.65,3.54,7.08,11.5,0.88,3.54,4.42,3.54,7.96,7.08,6.19,9.73,1.77,3.54,36.28,27.43,36.28,2.65,27.43,64.6,0,0.88,2.65,0,0,0,0,0,0,0,1.77,1.77,0.88,1.77,3.54,16.81,18.58,7.08,9.73,10.62,25.66,20.35,1.015,0.995,1.003,1.793,-0.846,0.45,84.148,-13.752,74,131.737,265.301,-5.791,68.117,-0.551,16.512,-5.035,16.348,6.179,1
3.36,1.68,4.2,3.78,3.78,11.34,1.68,4.2,6.3,8.82,0.84,2.52,3.78,4.62,2.94,14.29,7.98,5.46,2.52,5.88,36.55,39.92,23.53,3.78,47.48,38.66,1.26,21.01,3.78,4,0,4,0,0.42,0.84,2.52,2.94,2.52,7.98,2.94,6.72,36.55,37.82,6.3,5.04,5.88,20.17,20.59,1.061,0.941,1.011,2.468,-0.867,0.451,80.163,-9.382,75.609,127.402,266.206,-8.295,63.303,-0.358,15.181,-3.967,10.393,6.002,1
4.43,0.96,5.01,3.66,5.2,7.13,2.7,3.66,3.47,6.17,1.54,7.9,6.36,6.17,4.82,9.25,8.67,5.59,2.31,5.01,34.87,33.91,31.21,4.62,29.48,58.96,1.35,9.06,9.44,0,0,0,0,1.35,0.58,1.54,3.85,3.08,5.01,1.73,7.13,18.88,19.46,10.98,6.17,13.29,26.97,25.05,1.058,0.945,1.009,2.359,-0.807,0.447,82.087,-10.058,79.572,131.113,262.524,-11.112,65.897,-0.672,15.809,-4.886,11.017,5.965,1
9.09,1.52,8.33,9.09,0.76,6.82,0.76,15.15,9.09,8.33,2.27,3.03,0.76,0,3.03,6.06,3.79,7.58,0,4.55,49.24,17.42,33.33,46.21,19.7,30.3,6.82,11.36,8.33,0,0,0,0,10.61,3.03,7.58,42.42,43.18,1.52,1.52,2.27,15.15,16.67,0,2.27,6.06,20.45,11.36,0.942,1.063,1.028,2.214,-0.972,0.447,82.891,-4.447,81.629,127.58,274.045,0.947,66.552,0.178,15.356,-3.529,15.594,5.883,1
10.45,0,3.73,8.96,2.24,6.72,4.48,10.45,6.72,9.7,1.49,6.72,1.49,2.99,2.99,4.48,3.73,8.21,0.75,3.73,47.01,22.39,30.6,47.01,18.66,29.85,8.21,8.96,5.97,0,0,0,0,8.21,2.24,4.48,41.04,42.54,0.75,0.75,0.75,14.18,15.67,1.49,2.24,2.99,17.91,14.18,0.943,1.062,1.03,2.791,-0.905,0.436,83.369,-0.216,81.06,128.82,273.709,-2.63,67.671,-0.028,15.355,-3.748,14.145,5.988,1
5.43,4.35,7.61,9.78,2.17,3.26,0,1.09,5.43,9.78,0,4.35,9.78,5.43,7.61,4.35,7.61,9.78,0,2.17,34.78,20.65,44.57,20.65,21.74,55.43,0,1.09,2.17,4,0,2,2,2.17,1.09,0,17.39,17.39,2.17,0,3.26,13.04,13.04,2.17,3.26,7.61,18.48,19.57,1.028,1.004,0.958,1.601,-0.761,0.452,82.1,-22.804,76.87,130.107,258.087,-9.465,64.399,-0.692,16.024,-5.325,16.136,5.926,1
7.62,5.38,1.79,4.93,4.93,7.62,3.14,4.48,2.24,6.28,4.04,4.04,7.17,4.04,5.38,9.87,7.17,4.04,1.79,4.04,42.6,31.84,25.56,8.52,38.57,46.19,1.79,17.94,6.28,12,0,10,2,1.79,0,1.79,5.38,6.28,7.62,0.9,8.97,28.7,27.8,6.73,7.62,7.17,21.52,18.39,1.04,0.969,1.002,2.398,-0.832,0.436,80.542,4.677,75.767,128.598,261.632,-12.203,63.635,-0.195,16.319,-4.056,9.833,6.015,1
8.11,5.41,4.05,4.5,3.6,7.66,3.15,4.05,3.15,8.11,3.15,3.15,6.76,4.05,4.05,9.46,5.41,4.5,2.25,5.41,44.59,29.73,25.68,7.66,37.84,47.75,1.8,16.67,7.21,12,0,10,2,1.35,0,1.8,5.86,5.41,6.76,1.35,11.26,27.93,25.68,6.76,6.76,8.56,19.37,18.47,1.036,0.973,1.001,2.646,-0.862,0.436,80.752,4.716,74.221,128.64,264.842,-11.21,63.793,-0.179,16.381,-3.913,10.456,5.94,1
8.74,0,2.91,11.65,0.97,4.85,1.94,2.91,2.91,18.45,2.91,4.85,3.88,6.8,8.74,4.85,3.88,4.85,1.94,1.94,42.72,22.33,34.95,88.35,0,10.68,0,0,0,0,0,0,0,10.68,0.97,16.5,84.47,81.55,0,0,0,0,0,0.97,1.94,2.91,5.83,3.88,0.943,1.089,0.977,3.77,-0.887,0.439,85.411,-6.68,77.32,132.621,270.961,-5.04,70.195,-0.401,16.16,-4.828,15.011,6.04,1
3.85,3.85,9.62,11.54,1.92,0,0,9.62,9.62,13.46,0,5.77,5.77,1.92,3.85,11.54,3.85,3.85,0,0,36.54,17.31,46.15,75,0,25,0,0,0,0,0,0,0,21.15,0,11.54,65.38,63.46,0,0,0,0,0,3.85,3.85,3.85,13.46,13.46,1.001,1.045,0.937,1.683,-0.884,0.454,83.715,-26.308,83.038,130.352,259.077,-4.663,66.685,-0.444,16.113,-5.032,18.005,5.789,1
11.63,0,3.49,11.63,3.49,5.81,0,2.33,8.14,11.63,3.49,2.33,1.16,8.14,3.49,4.65,5.81,11.63,0,1.16,45.35,24.42,30.23,33.72,17.44,43.02,6.98,3.49,4.65,0,0,0,0,3.49,1.16,3.49,30.23,33.72,1.16,1.16,0,11.63,13.95,5.81,4.65,9.3,17.44,11.63,0.902,1.121,1.003,3.003,-0.821,0.436,82.293,-11.779,80.093,127.571,268.384,-1.196,66.407,-0.097,14.787,-3.826,14.052,5.922,1
5.96,2.06,6.88,6.65,3.44,9.17,2.06,6.19,5.96,9.63,2.06,3.44,3.67,2.29,5.05,6.65,5.5,10.32,0.46,2.52,42.66,25.69,31.65,44.04,13.07,37.84,12.84,8.72,5.73,0,0,0,0,8.72,2.29,6.19,41.06,38.53,0.23,0.69,2.06,11.01,11.24,8.03,6.42,7.34,20.64,17.2,0.994,1.011,1.017,2.47,-0.883,0.444,81.233,-1.312,76.954,127.146,269.693,-5.143,64.229,-0.051,15.2,-3.875,13.994,5.972,1
11.22,2.55,4.08,6.63,5.1,2.55,3.57,3.57,3.57,15.82,0,4.08,2.55,8.67,2.04,9.18,4.08,6.12,1.53,3.06,48.98,28.06,22.96,68.37,0,29.59,4.08,0,0.51,0,0,0,0,13.27,1.53,9.18,62.24,56.12,0,0,0,0,0,3.06,3.57,1.53,18.37,15.31,0.941,1.063,1.032,4.235,-0.93,0.426,83.366,4.49,77.612,129.738,268.888,-7.062,67.97,0.054,16.114,-3.713,10.886,5.813,1
5.1,0,6.12,9.18,2.04,8.16,1.02,4.08,12.24,8.16,2.04,5.1,5.1,6.12,1.02,2.04,7.14,9.18,0,6.12,36.73,24.49,38.78,21.43,20.41,53.06,0,1.02,1.02,0,0,0,0,2.04,2.04,2.04,16.33,16.33,3.06,1.02,2.04,14.29,13.27,3.06,1.02,3.06,16.33,17.35,0.997,1.023,0.988,1.949,-0.828,0.449,83.587,-27.255,77.163,130.142,266.969,-4.821,67.479,-0.678,15.431,-4.458,15.528,5.959,1
4.6,1.67,4.6,6.69,3.77,3.35,2.09,5.44,5.44,15.06,5.44,4.18,3.35,5.44,4.18,7.95,5.02,5.02,2.09,4.6,47.7,23.85,28.45,65.27,5.44,24.69,19.67,2.51,3.35,0,0,0,0,13.81,4.6,10.46,61.51,57.74,0.42,0,0.42,2.93,3.77,2.51,3.77,5.02,10.88,10.04,0.951,1.049,1.039,3.955,-1.035,0.43,87.22,3.778,76.264,134.493,270.326,-7.133,73.312,-0.082,17.36,-4.243,12.445,5.952,1
7.98,0.37,6.68,5.01,2.6,7.79,2.97,5.57,7.61,6.86,1.86,3.71,6.31,4.27,4.27,6.49,5.75,8.16,2.04,3.71,39.15,27.27,33.58,15.96,35.44,40.82,3.15,21.15,9.09,0,0,0,0,2.97,1.11,2.04,12.99,11.87,3.53,3.15,5.75,24.49,24.68,6.68,6.31,8.91,20.96,18.37,1.013,1.003,0.992,2.465,-0.823,0.445,81.879,-9.801,77.724,128.721,266.892,-7.698,65.214,-0.448,15.216,-4.341,14.085,6.079,1
12.94,2.35,1.18,15.88,6.47,5.88,2.94,5.88,11.18,4.71,2.94,2.35,4.12,1.76,2.94,0.59,4.12,6.47,0,5.29,47.06,15.29,37.65,67.06,5.29,23.53,1.76,0.59,3.53,0,0,0,0,5.88,0.59,7.65,64.12,62.94,0.59,0,0.59,4.12,4.12,0,2.35,2.35,10.59,10.59,0.928,1.112,0.96,2.269,-0.854,0.431,84.816,-12.418,75.559,131.845,268.741,-4.57,69.307,-0.351,16.768,-4.167,17.581,6.016,1
9.29,2.14,5.71,7.86,4.29,5.71,4.29,0.71,3.57,13.57,1.43,2.14,3.57,5,3.57,7.14,6.43,5.71,2.86,5,45,28.57,26.43,22.86,31.43,40.71,3.57,10.71,2.14,0,0,0,0,4.29,0,3.57,19.29,20,2.86,0,6.43,21.43,20.71,2.86,6.43,7.86,17.86,16.43,0.976,1.041,0.998,3.766,-0.901,0.429,83.199,1.757,74.071,131.37,272.093,-9.023,67.313,-0.279,16.414,-4.2,13.362,5.832,1
3.72,0.83,3.72,12.4,3.31,7.02,1.24,7.02,12.81,7.85,2.48,4.55,5.79,3.31,3.72,2.48,4.13,11.98,0.41,1.24,38.84,18.18,42.98,17.77,40.5,30.58,4.13,13.64,4.96,2,1,1,0,2.48,1.24,2.89,15.29,14.88,2.07,0.83,9.5,30.99,29.75,1.65,2.48,3.31,15.29,12.81,0.964,1.059,0.99,1.814,-0.874,0.448,85.301,-19.405,76.731,130.733,263.926,-3.882,69.549,-0.39,16.017,-4.413,17.543,6.125,1
3.88,1.72,4.31,3.88,3.45,9.91,1.29,3.45,6.47,7.76,0.86,2.16,4.31,5.17,3.88,14.22,7.33,6.47,2.16,7.33,37.07,37.93,25,5.17,46.98,38.79,0.86,19.4,3.88,4,0,4,0,0,0.86,1.72,4.31,2.59,8.19,2.59,7.76,34.48,36.64,3.02,5.6,6.9,17.24,17.67,1.058,0.943,1.013,2.256,-0.861,0.452,80.872,-12.017,75.707,128.63,265.53,-8.026,64.324,-0.452,15.482,-4.261,10.882,6.041,1
7.32,1.63,4.07,12.2,4.88,5.69,0.81,4.07,11.38,13.01,0,2.44,1.63,1.63,7.32,4.07,3.25,11.38,0,3.25,45.53,15.45,39.02,43.9,16.26,34.96,7.32,8.13,6.5,2,0,1,1,1.63,1.63,4.88,41.46,39.84,0,0.81,2.44,12.2,13.01,2.44,5.69,5.69,14.63,11.38,0.929,1.086,1.01,2.826,-0.936,0.44,86.312,-11.488,73.431,132.058,271.276,-1.15,71.467,-0.193,16.708,-4.494,18.382,6.217,1
8.1,0.48,6.67,9.05,1.43,6.19,2.86,9.05,8.57,12.86,1.9,3.33,5.24,0.48,4.76,1.43,5.24,8.57,0,3.81,46.19,16.19,37.62,32.86,29.05,34.76,11.43,11.43,7.14,0,0,0,0,3.81,0.95,5.24,30,28.1,0.95,0,0.48,19.52,20,3.33,4.29,4.29,20.95,15.71,0.954,1.058,1.011,3.222,-0.98,0.44,84.755,-3.467,76.048,129.63,275.395,-4.884,68.705,-0.04,15.733,-3.913,16.485,6.062,1
7.08,1.89,3.77,4.72,4.25,6.6,1.89,3.3,6.6,7.08,0.47,2.36,4.25,6.13,2.83,13.68,10.38,7.08,1.42,4.25,36.79,38.68,24.53,6.13,49.53,35.38,0.94,16.04,3.77,4,0,4,0,0.47,0.94,1.89,4.72,5.19,3.3,1.42,7.08,36.79,37.74,4.72,4.25,5.19,17.45,16.51,1.028,0.979,1.008,2.223,-0.799,0.446,79.807,-14.057,79.42,126.924,261.929,-8.556,62.878,-0.367,14.92,-4.176,10.878,5.994,1
6.22,1.78,5.33,3.11,3.11,9.33,1.78,2.22,5.33,7.11,1.33,3.11,5.78,1.78,4,14.22,7.56,11.56,1.78,3.56,38.67,34.67,26.67,4.44,44.44,40,0.44,16.44,4.89,4,0,4,0,0.89,0.44,1.33,3.11,3.11,6.22,2.67,7.56,30.67,32,4.44,1.78,5.78,16.89,16.89,1.053,0.95,1.009,2.159,-0.825,0.447,77.89,-3.191,78.027,124.192,266.236,-9.187,59.823,-0.146,14.212,-3.761,10.641,6.022,1
15.17,0.69,6.21,6.21,3.45,6.55,2.07,6.21,3.45,9.66,2.76,3.79,3.45,3.79,5.86,4.83,5.52,6.9,0,3.45,48.28,22.76,28.97,49.66,11.72,33.1,9.31,9.31,5.86,0,0,0,0,5.52,1.72,6.9,44.14,42.07,0,0.69,2.41,10,10,2.41,4.83,4.83,17.93,14.83,0.955,1.062,1.003,3.359,-0.842,0.435,80.322,2.617,80.569,126.244,273.334,-4.91,63.412,0.007,14.584,-3.729,12.64,5.96,1
4.39,0,6.14,3.51,5.26,7.89,0,6.14,7.89,6.14,0,6.14,4.39,3.51,1.75,7.89,10.53,9.65,1.75,7.02,40.35,29.82,29.82,13.16,35.96,42.11,0.88,8.77,3.51,0,0,0,0,2.63,0.88,1.75,12.28,10.53,4.39,2.63,8.77,27.19,27.19,4.39,3.51,8.77,19.3,17.54,1.026,0.954,1.06,2.748,-0.935,0.448,82.671,-9.474,78.377,129.298,268.886,-7.741,66.806,-0.267,15.425,-3.964,10.527,5.927,1
17.74,0.81,5.65,5.24,3.23,10.89,2.82,5.65,3.23,6.45,2.42,0.81,4.84,3.23,4.84,2.02,6.45,9.68,1.21,2.82,50,25.4,24.6,43.55,15.32,34.68,9.27,10.89,7.26,0,0,0,0,5.24,1.61,8.06,40.32,39.52,1.21,0.81,2.42,13.31,12.9,3.23,2.02,4.84,18.55,17.34,0.96,1.052,1.01,3.482,-0.805,0.433,77.695,10.649,76.984,122.589,275.347,-6.391,59.591,0.196,13.785,-2.938,11.506,5.989,1
2.7,0,6.76,8.11,2.7,5.41,1.35,9.46,9.46,12.16,1.35,2.7,4.05,8.11,5.41,4.05,9.46,5.41,0,1.35,35.14,28.38,36.49,24.32,32.43,35.14,4.05,9.46,5.41,0,0,0,0,5.41,4.05,4.05,22.97,17.57,2.7,2.7,4.05,22.97,22.97,2.7,6.76,5.41,17.57,21.62,0.968,1.043,1.013,2.646,-0.884,0.454,85.841,-23.068,78.838,131.97,263.324,-4.252,70.604,-0.492,15.955,-4.874,16.347,6.085,1
10.85,0,6.2,10.08,3.1,8.53,1.55,6.2,5.43,10.85,2.33,3.88,3.1,2.33,2.33,2.33,6.98,10.08,2.33,1.55,47.29,21.71,31.01,46.51,14.73,31.78,11.63,10.85,2.33,0,0,0,0,6.98,2.33,3.1,40.31,41.86,0,0,0,12.4,10.08,3.1,5.43,5.43,15.5,12.4,0.94,1.074,1.011,3.497,-0.909,0.435,81.519,2.845,78.372,126.712,275.062,-4.766,64.641,0.096,14.762,-3.305,13.376,5.767,1
3.96,0,4.95,12.87,2.97,4.95,3.96,5.94,4.95,10.89,2.97,0.99,7.92,2.97,7.92,4.95,4.95,3.96,1.98,5.94,38.61,21.78,39.6,20.79,7.92,68.32,3.96,0,6.93,0,0,0,0,2.97,1.98,6.93,18.81,17.82,0.99,0.99,2.97,3.96,3.96,4.95,5.94,13.86,21.78,17.82,0.99,1.044,0.961,2.915,-0.955,0.446,87.547,-11.703,74.356,136.684,269.713,-9.221,72.377,-0.696,17.355,-5.365,18.141,6.033,1
8.79,2.2,7.69,5.49,5.49,5.49,3.3,7.69,10.99,3.3,4.4,4.4,1.1,4.4,2.2,5.49,4.4,5.49,1.1,6.59,45.05,23.08,31.87,34.07,21.98,32.97,4.4,4.4,3.3,0,0,0,0,8.79,0,2.2,29.67,27.47,0,0,0,16.48,17.58,5.49,2.2,3.3,9.89,8.79,0.968,1.042,1.013,2.036,-0.852,0.434,84.824,-9.835,78.945,133.135,266.857,-3.57,70.254,-0.459,16.955,-4.546,15.599,6.009,1
10.56,1.06,8.8,6.34,3.87,5.63,1.76,5.63,7.75,8.45,0,4.93,3.17,4.93,4.93,6.34,3.87,8.1,1.76,2.11,41.55,22.54,35.92,43.31,7.04,44.01,5.99,5.99,12.68,0,0,0,0,7.04,2.11,13.73,40.14,39.44,0.7,0.7,0.7,5.99,7.04,7.04,5.63,13.03,26.41,21.48,0.979,1.043,0.987,2.538,-0.796,0.443,82.082,-11.81,79.915,129.03,266.581,-3.883,65.657,-0.41,15.371,-4.537,15.534,5.977,1
8.93,0,8.93,8.93,5.36,7.14,0,1.79,10.71,3.57,1.79,5.36,0,3.57,0,0,17.86,10.71,1.79,3.57,37.5,28.57,33.93,32.14,42.86,23.21,1.79,0,0,0,0,0,0,7.14,1.79,7.14,28.57,26.79,7.14,3.57,10.71,23.21,21.43,1.79,1.79,5.36,12.5,8.93,0.963,1.047,1.014,1.941,-0.745,0.438,81.189,-23.036,81.554,128.78,268.089,-4.382,64.789,-0.561,14.935,-4.347,14.96,5.706,1
4.13,2.48,5.79,9.92,1.65,4.13,3.31,4.96,7.44,11.57,3.31,1.65,4.96,5.79,6.61,4.13,5.79,7.44,0.83,4.13,40.5,23.14,36.36,4.96,45.45,42.15,0,13.22,2.48,2,0,2,0,0.83,0.83,0.83,4.13,4.13,3.31,1.65,14.05,33.06,34.71,7.44,5.79,9.92,19.01,16.53,0.966,1.052,0.999,2.37,-0.892,0.442,86.493,-12.744,75.008,134.413,265.669,-5.977,71.434,-0.513,17.225,-5.082,17.358,6.074,1
8.85,0.88,5.31,9.73,3.54,4.42,5.31,4.42,3.54,10.62,1.77,2.65,5.31,4.42,7.96,5.31,4.42,3.54,1.77,6.19,41.59,23.89,34.51,33.63,7.08,53.98,4.42,0,5.31,0,0,0,0,4.42,2.65,6.19,30.97,26.55,0,0.88,1.77,3.54,3.54,6.19,4.42,15.04,21.24,15.04,0.982,1.046,0.974,3.034,-0.876,0.438,85.697,-6.513,75.814,135.101,270.487,-8.201,70.458,-0.648,17.047,-5.257,16.834,6.048,1
6.94,1.73,8.09,3.47,8.09,8.09,2.31,8.67,7.51,6.94,1.16,2.89,6.36,4.05,3.47,6.36,4.05,6.94,0.58,2.31,43.35,24.86,31.79,27.17,22.54,43.35,4.62,13.87,10.4,0,0,0,0,4.62,1.73,5.78,25.43,24.28,2.31,2.31,2.31,17.92,17.92,5.2,5.2,8.09,19.65,19.65,1.004,1,1.017,3.288,-0.925,0.443,82.557,0.382,75.792,128.459,266.451,-8.325,66.155,-0.057,15.683,-3.761,13.132,6.004,1
11.43,1.43,5.71,6.43,4.29,10,2.14,7.14,8.57,7.14,0,2.14,3.57,4.29,1.43,7.86,8.57,5.71,0.71,1.43,39.29,32.86,27.86,26.43,35.71,32.14,4.29,6.43,5,0,0,0,0,2.14,1.43,6.43,24.29,20,2.14,1.43,6.43,23.57,24.29,2.86,4.29,4.29,16.43,17.86,1.002,1.023,0.978,2.464,-0.768,0.446,77.961,-12.521,79.386,123.061,266.171,-5.723,59.836,-0.168,13.858,-3.448,12.793,5.941,1
6.21,0,11.72,14.48,5.52,7.59,0.69,5.52,4.83,6.21,6.21,4.14,1.38,4.14,4.14,2.76,8.28,4.83,0,1.38,35.86,23.45,40.69,54.48,4.14,35.86,8.28,1.38,4.83,0,0,0,0,6.9,3.45,7.59,48.97,49.66,0,1.38,2.76,2.07,2.76,4.83,8.28,6.21,20.69,15.17,0.963,1.091,0.927,1.69,-0.763,0.447,81.811,-20.834,84.49,131.242,267.145,-2.675,64.738,-0.683,15.26,-5.059,18.594,5.482,1
0,0,0,9.09,0,0,0,9.09,18.18,18.18,0,9.09,0,0,0,0,18.18,0,9.09,9.09,45.45,18.18,36.36,81.82,0,18.18,0,0,0,0,0,0,0,18.18,0,0,72.73,54.55,0,0,0,0,0,0,0,0,9.09,9.09,0.929,1.039,1.105,4.564,-1.217,0.427,97.327,-17.636,70.636,144.437,274.818,-6.7,87.873,-0.573,20.529,-4.905,14.518,6.269,1
12.16,2.7,8.11,5.41,1.35,5.41,1.35,4.05,5.41,8.11,2.7,1.35,4.05,5.41,5.41,4.05,6.76,9.46,1.35,5.41,47.3,22.97,29.73,39.19,21.62,31.08,0,2.7,0,2,1,0,1,4.05,0,5.41,32.43,36.49,2.7,2.7,8.11,10.81,12.16,2.7,1.35,4.05,17.57,10.81,0.964,1.043,1.02,2.704,-0.835,0.437,81.788,-3.041,77.108,128.843,269.649,-5.239,65.347,-0.192,15.734,-4.159,13.618,5.952,1
3.03,4.55,4.55,13.64,5.3,3.79,2.27,3.03,9.09,6.06,4.55,6.06,3.79,3.03,3.79,8.33,3.03,3.79,3.79,4.55,38.64,20.45,40.91,17.42,34.09,43.94,3.03,10.61,6.82,6,1,3,2,3.79,2.27,3.79,16.67,15.15,3.03,0,7.58,21.97,25,5.3,6.82,6.06,19.7,14.39,1,1.043,0.943,1.361,-0.836,0.437,86.723,-17.947,76.705,137.619,259.333,-6.884,72.037,-0.88,18.541,-5.558,17.588,5.853,1
8.87,4.84,2.42,8.87,6.45,4.03,0.81,3.23,11.29,6.45,0,4.84,4.84,1.61,4.84,5.65,4.84,5.65,4.84,5.65,45.97,16.94,37.1,20.16,33.87,41.13,4.03,12.9,3.23,6,1,3,2,3.23,3.23,2.42,19.35,16.94,3.23,0.81,4.84,23.39,25,3.23,4.84,4.84,14.52,13.71,0.988,1.026,1,2.68,-0.899,0.432,86.84,-8.371,71.274,135.343,263.403,-8.041,72.577,-0.506,18.5,-4.752,14.928,6.178,1
7.84,1.96,2.94,4.9,3.92,11.76,0.98,2.94,4.9,5.88,1.96,3.92,1.96,4.9,5.88,8.82,7.84,6.86,1.96,7.84,41.18,34.31,24.51,2.94,35.29,52.94,0.98,10.78,1.96,2,0,2,0,0.98,0.98,0.98,1.96,2.94,4.9,1.96,7.84,25.49,24.51,2.94,0.98,10.78,17.65,19.61,1.028,0.969,1.026,2.223,-0.807,0.446,80.598,-6.343,75.716,128.707,268.863,-5.721,64.373,-0.413,15.591,-4.212,10.772,6.079,1
9.3,0,4.65,8.53,2.33,6.98,3.1,3.88,15.5,8.53,3.1,2.33,3.88,3.88,3.88,2.33,6.2,6.2,0.78,4.65,38.76,22.48,38.76,27.91,30.23,33.33,5.43,10.08,5.43,0,0,0,0,2.33,1.55,6.2,25.58,24.81,1.55,1.55,5.43,21.71,21.71,4.65,4.65,4.65,17.05,14.73,0.968,1.069,0.962,2.284,-0.801,0.44,85.046,-25.403,74.93,131.534,267.93,-4.105,69.927,-0.726,16.042,-4.742,18.443,6.34,1
6.54,0.93,8.41,9.35,4.67,0.93,1.87,8.41,5.61,12.15,3.74,1.87,1.87,1.87,9.35,7.48,3.74,7.48,0,3.74,47.66,15.89,36.45,76.64,0,19.63,4.67,0,0,0,0,0,0,8.41,0.93,14.95,73.83,74.77,0,0,0,0,0,2.8,1.87,2.8,12.15,10.28,0.921,1.089,1.023,3.17,-1.011,0.438,87.782,-1.187,79.402,135.449,271.738,-2.661,73.639,-0.122,17.288,-5.023,17.97,6.045,1
11.76,0,5.88,11.76,0,8.82,0,11.76,5.88,5.88,5.88,0,2.94,2.94,5.88,8.82,8.82,2.94,0,0,38.24,29.41,32.35,8.82,0,61.76,0,0,0,0,0,0,0,0,0,0,5.88,8.82,0,0,0,0,0,0,0,0,23.53,29.41,0.966,1.086,0.934,1.553,-0.746,0.455,78.159,-18.176,86.324,123.929,265.794,-1.579,59.797,-0.229,13.467,-4.039,15.32,5.905,1
4.31,1.72,5.75,6.61,3.16,7.76,1.72,4.31,6.61,7.76,2.3,5.46,7.47,5.46,3.45,4.89,8.62,8.62,0.86,3.16,36.21,28.45,35.34,7.18,26.72,60.63,0.86,8.33,6.9,0,0,0,0,0.86,1.15,1.44,5.75,5.75,3.74,0.86,4.6,17.82,18.39,7.76,6.61,11.21,24.14,22.13,1.028,0.984,0.997,2.145,-0.819,0.448,81.765,-13.807,77.701,128.738,263.086,-9.334,64.762,-0.478,15.365,-4.393,12.994,5.939,1
6.48,0,9.26,5.56,1.85,11.11,1.85,3.7,3.7,9.26,0.93,4.63,8.33,6.48,4.63,7.41,2.78,5.56,1.85,4.63,34.26,29.63,36.11,30.56,9.26,48.15,9.26,2.78,9.26,0,0,0,0,4.63,0.93,6.48,25.93,27.78,0.93,1.85,4.63,7.41,7.41,8.33,5.56,8.33,18.52,16.67,1.068,0.967,0.944,2.468,-0.776,0.458,79.474,-15.185,77.426,127.366,267.111,-8.775,61.221,-0.715,14.428,-4.546,13.414,5.84,1
8.43,0.38,9.58,6.9,3.83,4.98,2.3,6.51,2.68,13.41,0,3.45,1.53,6.13,8.05,6.9,4.98,5.75,1.92,2.3,42.53,25.29,32.18,75.48,2.3,20.69,13.79,1.15,1.53,0,0,0,0,11.49,0.77,13.41,70.11,68.2,0,0,1.15,0.77,0.77,2.3,1.92,4.98,11.49,10.34,0.96,1.052,1.01,3.433,-0.881,0.444,84.018,-4.096,79.398,131.846,270.648,-3.669,68.379,-0.321,15.974,-4.848,15.584,5.904,1
8.77,3.51,6.14,4.39,4.39,6.14,2.63,1.75,5.26,7.02,2.63,4.39,5.26,6.14,7.02,5.26,6.14,8.77,0.88,3.51,41.23,26.32,32.46,14.04,29.82,53.51,0,0.88,1.75,4,0,2,2,1.75,0.88,4.39,14.04,13.16,0.88,0,5.26,18.42,19.3,5.26,4.39,5.26,19.3,17.54,1.004,1.006,1.005,2.251,-0.766,0.438,81.968,-5.825,76.368,130.08,263.096,-7.945,65.698,-0.457,16.153,-4.742,13.693,6.101,1
12.26,0,8.49,10.38,4.72,1.89,4.72,2.83,1.89,10.38,3.77,0.94,4.72,3.77,8.49,2.83,3.77,6.6,1.89,5.66,48.11,16.98,34.91,37.74,25.47,34.91,1.89,5.66,0,0,0,0,0,2.83,0.94,3.77,31.13,33.02,1.89,0,2.83,19.81,17.92,5.66,2.83,3.77,16.98,11.32,0.928,1.101,0.982,3.757,-0.918,0.428,86.408,3.094,76.83,136.034,275.066,-7.36,71.526,-0.431,17.133,-5.126,17.758,5.9,1
11.74,1.42,6.05,7.47,2.85,8.9,2.14,4.27,1.78,11.03,0.71,2.49,4.27,1.07,8.54,4.27,4.98,13.88,1.42,0.71,48.04,21.35,30.6,19.22,37.72,35.94,4.98,17.08,6.41,0,0,0,0,1.78,1.07,3.2,17.08,17.79,3.56,0.71,6.41,28.47,30.96,3.91,2.14,5.34,15.66,11.03,0.96,1.044,1.026,3.267,-0.87,0.438,79.988,11.836,76.228,125.19,274.594,-5.291,62.368,0.22,14.6,-3.589,13.624,6.024,1
2.97,1.98,7.92,7.92,6.93,5.94,0.99,5.94,8.91,5.94,2.97,1.98,5.94,3.96,5.94,4.95,5.94,7.92,0.99,3.96,39.6,21.78,38.61,0,21.78,74.26,0,0,0,0,0,0,0,0,0,0,0,0,0.99,0,1.98,11.88,12.87,3.96,7.92,3.96,18.81,16.83,0.994,1.019,1.002,2.379,-0.912,0.446,85.924,-12.347,75,134.078,263.634,-7.166,70.714,-0.49,17.129,-4.932,16.588,6.03,1
12.01,0.32,6.82,6.49,3.9,7.14,2.6,3.25,3.9,11.69,1.3,1.95,8.77,3.9,4.87,4.55,2.6,7.47,1.3,5.19,46.43,20.78,32.79,40.26,20.13,33.12,14.94,10.71,7.79,0,0,0,0,6.82,1.95,8.77,37.99,33.12,1.62,1.3,6.49,15.91,16.23,3.25,4.22,4.87,16.56,16.56,0.993,1.031,0.981,4.04,-0.92,0.438,81.948,2.318,74.107,128.305,274.026,-9.918,64.897,-0.165,15.217,-3.808,13.068,5.943,1
12.91,0.3,7.51,6.01,3.9,6.91,2.7,5.11,4.2,9.31,0,2.4,4.5,3.3,6.01,4.8,6.91,9.31,0.9,3,44.74,24.62,30.63,35.14,21.32,39.94,13.21,9.01,9.01,0,0,0,0,6.91,2.4,8.41,30.93,28.53,1.5,1.2,3.6,16.22,17.12,3.9,4.8,9.61,21.62,19.82,0.972,1.04,1.008,3.299,-0.843,0.439,80.615,-0.369,78.27,126.692,272.655,-6.314,63.448,-0.103,14.643,-3.944,13.907,5.985,1
4.58,5.34,6.11,9.92,4.58,6.11,3.05,5.34,4.58,4.58,1.53,6.87,3.05,6.11,4.58,6.11,3.05,4.58,5.34,4.58,40.46,24.43,35.11,22.14,29.77,41.98,3.05,10.69,3.82,6,1,3,2,6.11,3.05,6.87,21.37,16.79,3.05,0.76,6.11,19.85,19.85,4.58,4.58,11.45,18.32,18.32,1.011,1.006,0.99,1.544,-0.799,0.44,85.213,-7.817,76.183,136.291,259.763,-6.754,70.063,-0.769,18.37,-5.324,15.182,5.779,1
5.65,5.65,4.03,7.26,7.26,3.23,2.42,3.23,10.48,4.84,2.42,3.23,4.03,2.42,4.84,9.68,4.03,6.45,6.45,2.42,44.35,21.77,33.87,20.16,35.48,38.71,4.03,13.71,4.03,6,1,3,2,4.03,2.42,5.65,19.35,16.13,4.84,0,5.65,25,25,2.42,2.42,6.45,16.13,17.74,0.986,1.026,1.002,2.389,-0.885,0.428,87.08,-2.185,72.21,136.555,258.484,-8.841,73.136,-0.477,18.989,-4.96,15.403,6.152,1
7.5,2.38,4.75,7.5,4.57,6.03,1.83,4.39,6.03,11.33,4.2,3.47,6.22,3.84,4.75,5.67,4.57,6.4,2.19,2.38,45.34,21.94,32.72,46.8,14.26,34.19,15.17,9.51,8.59,0,0,0,0,8.04,3.84,9.51,40.95,39.12,1.65,0.37,2.74,11.52,11.88,5.3,5.48,7.13,17.18,14.44,0.977,1.041,0.997,3.456,-0.928,0.434,84.103,1.463,74.901,130.862,267.605,-8.679,68.375,-0.145,16.459,-4.06,13.25,5.997,1
9.47,0.59,5.33,8.58,1.78,10.06,0.59,7.99,8.58,10.36,2.96,4.44,2.96,2.07,3.25,3.55,7.69,9.17,0.3,0.3,42.9,23.96,33.14,43.2,21.89,30.18,13.91,16.27,7.69,0,0,0,0,4.44,2.37,7.1,37.87,36.98,2.37,1.18,3.25,16.86,17.46,4.44,3.55,3.55,17.16,12.43,0.964,1.054,0.999,2.604,-0.844,0.444,80.05,-7.254,79.754,124.028,270.84,-2.955,62.604,0.038,14.04,-3.358,13.734,5.982,1
9.49,0,5.06,9.81,4.11,9.49,2.22,11.71,7.91,6.65,2.53,3.8,3.16,1.9,5.38,4.11,4.75,7.28,0,0.63,42.41,22.47,35.13,43.99,22.47,28.16,11.71,9.81,6.96,0,0,0,0,6.01,2.22,4.75,40.51,36.39,1.9,0.95,1.58,17.41,17.09,3.48,3.48,2.53,15.19,13.29,0.96,1.062,0.991,2.337,-0.85,0.447,81.788,-6.75,80.687,126.868,269.377,-2.485,64.998,-0.085,14.732,-3.858,15.755,6.067,1
14.56,3.8,5.06,7.59,5.06,6.33,3.16,6.33,5.7,5.06,1.27,4.43,5.06,2.53,3.16,2.53,6.96,5.7,1.27,4.43,47.47,21.52,31.01,43.67,15.82,34.81,5.06,6.33,3.16,0,0,0,0,6.96,1.27,6.33,39.87,37.97,2.53,1.27,1.27,10.76,11.39,4.43,3.16,4.43,18.99,18.35,0.98,1.038,0.995,2.651,-0.812,0.431,80.823,0.051,77.411,127.803,268.253,-7.976,63.831,-0.158,15.817,-3.798,13.094,5.902,1
4.85,2.91,4.85,4.85,4.85,6.8,7.77,7.77,6.8,5.83,1.94,7.77,6.8,2.91,0,3.88,8.74,2.91,2.91,4.85,38.83,30.1,31.07,2.91,48.54,43.69,0,4.85,2.91,2,0,2,0,0,0.97,0,1.94,1.94,3.88,0,8.74,33.01,33.01,1.94,3.88,8.74,9.71,9.71,1.04,0.966,1.008,2.492,-0.87,0.432,83.923,-1.757,76.126,132.279,265.427,-13.261,68.052,-0.518,16.905,-4.325,13.138,5.928,1
1.9,1.9,0.95,11.43,3.81,6.67,5.71,5.71,3.81,10.48,0,8.57,10.48,2.86,3.81,2.86,5.71,6.67,0.95,5.71,37.14,23.81,39.05,2.86,45.71,43.81,0,5.71,2.86,2,0,2,0,0,0.95,0,1.9,1.9,2.86,0.95,4.76,29.52,30.48,1.9,1.9,1.9,5.71,4.76,1.043,0.969,0.995,2.542,-0.932,0.444,85.321,-6.61,74.267,133.173,266.81,-13.448,69.052,-0.552,16.831,-4.652,13.873,5.944,1
11.76,2.94,4.9,7.84,2.94,6.86,0.98,5.88,0.98,11.76,2.94,1.96,4.9,6.86,7.84,4.9,4.9,4.9,1.96,1.96,47.06,24.51,28.43,12.75,39.22,39.22,2.94,11.76,5.88,0,0,0,0,0,0,1.96,11.76,9.8,2.94,0.98,9.8,27.45,26.47,7.84,5.88,12.75,19.61,15.69,0.96,1.057,1.001,3.501,-0.858,0.438,81.93,4.265,76.706,128.827,267.873,-6.436,65.377,-0.059,15.837,-4.047,12.167,5.931,1
8.82,0.49,3.43,7.84,4.41,10.29,1.47,5.39,4.41,13.24,0,1.96,5.39,2.94,8.33,3.92,3.43,10.78,0.98,2.45,46.57,22.06,31.37,37.25,14.71,41.18,9.8,6.37,4.41,0,0,0,0,3.43,0.49,5.39,32.35,32.84,1.47,0.98,2.94,10.78,11.27,4.41,2.94,3.43,22.55,16.18,0.969,1.033,1.028,3.878,-0.95,0.443,82.848,6.176,72.319,127.642,274.417,-5.793,66.422,0.109,15.3,-3.634,13.394,6.18,1
8.6,1.36,6.33,8.6,4.52,4.98,2.71,5.88,6.33,14.48,3.17,1.81,4.52,4.07,5.43,3.17,4.98,6.33,0.9,1.81,47.06,19.91,33.03,68.33,4.52,23.08,18.1,1.81,4.52,0,0,0,0,9.95,1.81,10.41,66.06,61.99,0.45,0.45,1.36,2.71,2.71,1.36,1.36,2.71,14.03,13.57,0.936,1.082,1.005,3.994,-0.967,0.433,85.321,1.615,74.9,131.322,271.851,-6.406,69.956,-0.034,16.384,-4.054,15.375,5.999,1
5.23,0.7,6.27,6.27,3.83,3.83,4.88,5.57,4.18,15.68,0.35,2.79,5.57,7.67,7.67,4.18,4.18,5.92,0.7,4.53,42.51,24.74,32.75,32.75,28.57,35.54,6.97,9.06,4.88,0,0,0,0,5.23,1.05,6.27,28.57,23.34,2.79,0.7,5.92,20.21,19.51,3.48,3.14,7.32,18.12,16.72,0.968,1.034,1.029,3.923,-0.967,0.44,87.454,-2.669,73.78,134.967,270.244,-7.969,72.947,-0.38,17.119,-4.935,15.563,6.119,1
8.62,2.01,6.32,8.33,3.45,8.33,2.3,9.2,7.76,7.18,2.59,5.75,4.31,1.72,3.74,5.75,3.74,5.46,0.29,3.16,41.95,21.84,36.21,40.23,15.52,38.79,9.48,12.36,10.34,0,0,0,0,4.89,2.01,7.76,35.92,31.32,1.44,0.86,3.45,11.49,11.78,6.03,6.32,9.2,18.1,18.39,1,1.026,0.975,2.056,-0.84,0.445,81.412,-8.879,79.77,127.78,267.802,-4.752,64.392,-0.27,15.307,-4.074,14.915,5.951,1
16.09,0,3.45,8.05,1.15,8.05,1.15,8.05,9.2,8.05,3.45,3.45,2.3,2.3,1.15,6.9,9.2,5.75,1.15,1.15,44.83,27.59,27.59,34.48,9.2,48.28,1.15,0,0,0,0,0,0,6.9,0,2.3,31.03,34.48,1.15,1.15,1.15,4.6,5.75,5.75,1.15,3.45,18.39,11.49,0.952,1.08,0.977,2.716,-0.785,0.437,78.106,-9.057,83.379,122.111,270.494,-3.456,60.432,0.032,13.359,-3.075,12.097,5.982,1
3.06,5.1,2.04,11.22,4.08,2.04,3.06,4.08,6.12,13.27,2.04,1.02,6.12,10.2,9.18,7.14,3.06,5.1,1.02,1.02,38.78,25.51,35.71,58.16,0,33.67,0,0,0,0,0,0,0,5.1,0,3.06,51.02,50,0,0,0,0,0,1.02,0,1.02,13.27,10.2,0.964,1.06,0.988,2.433,-0.856,0.442,87.785,-14.041,73.133,136.284,255.51,-7.282,73.322,-0.577,18.323,-5.534,16.849,6.196,1
7.22,1.03,6.19,11.34,2.06,7.22,1.03,6.19,7.22,11.34,3.09,0,7.22,3.09,2.06,4.12,8.25,7.22,1.03,3.09,42.27,23.71,34.02,7.22,39.18,47.42,1.03,17.53,3.09,0,0,0,0,0,0,0,6.19,5.15,2.06,0,2.06,24.74,25.77,4.12,5.15,3.09,21.65,19.59,0.973,1.056,0.976,3.102,-0.934,0.443,82.336,-9.464,76.031,127.914,270.155,-7.848,65.07,-0.129,15.196,-3.681,14.509,5.793,1
4.99,0.79,5.77,6.82,5.77,4.72,1.84,4.2,6.3,10.76,2.62,4.99,6.82,3.15,5.77,7.09,4.2,7.09,0.79,5.51,42.52,21,36.48,51.97,12.07,32.28,17.59,3.41,4.46,0,0,0,0,6.82,2.1,11.55,47.77,45.67,0.79,1.57,2.1,9.19,9.71,3.15,2.89,3.67,17.85,14.7,1.001,1.01,1.005,3.287,-0.967,0.441,85.62,-5.042,75.861,133.261,268.929,-9.001,70.441,-0.366,16.67,-4.649,14.123,6.037,1
3.77,0,7.55,9.43,3.77,5.66,0,13.21,13.21,9.43,1.89,1.89,3.77,0,7.55,1.89,3.77,9.43,0,3.77,45.28,11.32,43.4,11.32,22.64,54.72,0,0,0,0,0,0,0,3.77,0,0,11.32,11.32,1.89,0,7.55,11.32,11.32,3.77,3.77,3.77,9.43,16.98,0.937,1.065,1.036,2.738,-1.047,0.451,88.885,-11.491,75.34,133.944,271.698,-0.841,74.691,-0.13,17.03,-4.542,19.281,6.286,1
5.77,3.85,4.81,4.81,1.92,6.73,1.92,6.73,7.69,3.85,2.88,7.69,0.96,4.81,0.96,5.77,10.58,10.58,2.88,4.81,43.27,29.81,26.92,32.69,28.85,35.58,5.77,7.69,1.92,0,0,0,0,7.69,0,7.69,30.77,28.85,0.96,0,4.81,18.27,19.23,3.85,4.81,3.85,13.46,9.62,0.99,0.988,1.071,1.459,-0.821,0.436,82.198,-5.135,80.356,129.536,263.76,-4.957,66.565,-0.228,16.258,-4.03,11.076,5.882,1
12.6,1.18,3.94,8.66,2.36,11.42,1.57,4.72,4.72,9.06,0,3.15,1.97,3.54,7.87,5.51,5.51,8.66,0.39,3.15,42.13,27.56,30.31,46.85,10.63,36.61,4.72,6.69,5.91,0,0,0,0,4.33,0.79,4.72,42.91,42.91,0.79,0.79,1.57,8.66,9.06,3.54,4.33,6.3,22.05,18.9,0.985,1.035,0.989,2.311,-0.752,0.448,78.881,-7.362,77.717,124.875,271.346,-2.454,61.22,-0.226,14.259,-4.003,14.084,6.105,1
6.48,0,8.33,2.78,3.7,9.26,1.85,7.41,7.41,6.48,0,5.56,2.78,2.78,5.56,8.33,8.33,3.7,2.78,6.48,37.04,30.56,32.41,19.44,18.52,50.93,0,5.56,3.7,0,0,0,0,1.85,0.93,0.93,16.67,13.89,4.63,1.85,4.63,12.96,14.81,5.56,7.41,9.26,17.59,15.74,1.043,0.961,1.008,2.413,-0.839,0.452,82.451,-13.741,78.454,130.658,269.343,-6.003,66.481,-0.639,15.657,-4.786,13.845,6.087,1
5.08,1.69,6.78,11.86,3.39,1.69,1.69,5.08,5.08,11.86,3.39,5.08,3.39,6.78,6.78,3.39,0,6.78,1.69,8.47,47.46,13.56,38.98,77.97,0,15.25,10.17,0,1.69,0,0,0,0,8.47,5.08,10.17,72.88,74.58,0,0,0,0,0,0,1.69,1.69,11.86,8.47,0.938,1.073,1.016,2.975,-0.992,0.438,90.092,-7.678,76,139.949,270.339,-3.739,76.841,-0.581,18.664,-5.446,17.016,5.859,1
4.04,0,10.1,8.08,4.04,10.1,2.02,9.09,3.03,7.07,2.02,1.01,3.03,5.05,8.08,6.06,7.07,4.04,2.02,4.04,36.36,30.3,33.33,3.03,40.4,46.46,0,13.13,1.01,0,0,0,0,0,1.01,1.01,3.03,1.01,2.02,2.02,7.07,30.3,28.28,6.06,11.11,14.14,24.24,20.2,1.007,1.01,0.99,2.364,-0.854,0.457,83.219,-10.818,78.222,132.222,268.737,-4.661,66.861,-0.581,15.919,-5.04,16.453,5.875,1
6.99,0,5.78,7.6,2.13,5.78,1.82,8.21,6.08,7.29,3.04,5.78,4.26,3.34,4.26,7.6,6.38,10.03,0,3.65,41.34,24.92,33.74,40.12,13.37,41.03,13.98,9.12,6.99,0,0,0,0,4.86,2.13,5.78,36.78,33.74,0.61,0.61,0.61,9.42,10.03,4.86,6.08,8.51,21.28,18.84,0.983,1.024,1.017,2.081,-0.869,0.446,82.065,-8.827,83.052,128.307,268.027,-4.714,65.565,-0.207,14.903,-4.214,13.581,5.945,1
8.54,1.22,2.44,6.1,6.1,1.22,2.44,3.66,4.88,6.1,1.22,6.1,2.44,3.66,12.2,4.88,8.54,9.76,3.66,4.88,45.12,20.73,34.15,57.32,4.88,34.15,1.22,0,0,0,0,0,0,8.54,2.44,8.54,53.66,51.22,0,0,0,3.66,2.44,4.88,6.1,3.66,14.63,15.85,0.948,1.034,1.07,2.882,-0.885,0.432,88.733,-0.146,77,138.311,266.22,-6.479,75.952,-0.512,18.293,-5.706,15.104,6.395,1
6.25,0,8.17,7.21,2.88,8.65,2.88,7.69,3.85,5.77,1.92,4.81,5.29,3.85,3.85,6.25,7.69,8.17,0.96,3.85,37.5,29.33,33.17,0,44.23,46.63,0,14.9,5.29,0,0,0,0,0,0,0,0,0,3.85,2.88,5.77,29.81,28.37,8.17,8.17,13.94,24.52,21.63,1.019,0.995,0.996,2.044,-0.822,0.451,80.528,-9.168,81.49,127.944,268.168,-7.003,63.024,-0.4,14.679,-4.326,13.815,5.797,1
4.5,2.75,6.5,7.25,1.5,6.5,3,6.25,5.5,10,0,5,7,2.5,7,4.5,5.75,9.5,1,4,39.5,22.25,38.25,31,15.25,48.75,9.5,5,11.25,0,0,0,0,4.25,1.25,7.25,26.5,24.25,1.75,0.75,2.5,11.25,10.75,7.5,7.25,9.75,30,24,1.02,0.986,1.01,2.134,-0.876,0.449,83.48,-7.702,75.517,130.537,266.9,-7.8,66.798,-0.393,16.208,-4.716,15.462,6.069,1
7.52,0,7.84,7.21,4.08,6.9,1.88,8.15,5.96,7.21,1.25,4.39,5.96,3.45,2.82,6.27,8.15,7.21,0.63,3.13,39.18,26.65,34.17,1.57,32.29,55.17,0,10.66,8.46,0,0,0,0,0.63,0.31,0.63,1.25,0.63,3.13,2.19,2.82,19.75,19.75,8.46,4.7,9.72,21.63,20.69,1.004,1.012,0.994,2.589,-0.865,0.448,81.201,-10.495,81.119,127.611,267.843,-7.453,63.945,-0.28,14.712,-4.082,13.608,5.825,1
5.26,0.75,4.51,13.53,2.26,1.5,1.5,3.76,15.04,10.53,0,2.26,3.01,6.02,7.52,7.52,3.01,6.02,0,6.02,34.59,19.55,45.86,79.7,0,18.8,9.02,0,0.75,0,0,0,0,9.02,0,27.07,75.94,69.17,0,0,0,0,0,1.5,3.01,3.01,9.77,9.02,0.963,1.082,0.946,1.421,-0.815,0.453,88.601,-41.774,76.94,137.188,261.707,-1.1,74.602,-1.109,17.492,-6.194,21.779,6.319,1
10.89,0.39,5.06,4.28,3.5,6.61,1.56,10.12,6.61,12.45,2.72,1.95,4.28,5.45,2.33,9.73,6.61,4.28,0,1.17,45.53,29.96,24.51,57.2,12.84,26.46,8.95,9.34,5.45,0,0,0,0,7,1.95,8.56,50.58,48.25,0.39,1.17,2.72,10.51,10.51,3.5,4.67,1.56,12.45,10.51,0.964,1.046,1.015,3.815,-0.928,0.441,80.64,-0.646,80.685,124.468,269.222,-5.949,63.856,0.231,14.206,-3.104,10.65,5.992,1
9.09,0.7,4.9,7.69,6.29,6.99,1.4,2.8,2.8,9.09,2.8,4.9,2.1,5.59,5.59,7.69,3.5,8.39,3.5,4.2,46.85,25.17,27.97,71.33,0,18.18,3.5,0,0,0,0,0,0,7.69,1.4,9.79,63.64,62.24,0,0,0,0,0,2.8,1.4,2.1,10.49,9.79,0.962,1.043,1.023,3.496,-0.898,0.434,83.749,4.944,77.469,132.08,270.545,-5.728,68.656,-0.213,16.361,-4.263,12.109,5.871,1
8.14,0,10.47,2.33,8.14,16.28,2.33,9.3,6.98,3.49,1.16,2.33,2.33,3.49,2.33,8.14,3.49,6.98,2.33,0,39.53,33.72,26.74,3.49,38.37,48.84,0,4.65,0,0,0,0,0,0,0,0,2.33,1.16,1.16,2.33,3.49,23.26,23.26,2.33,3.49,3.49,11.63,9.3,1.028,0.986,0.992,2.772,-0.798,0.45,77.419,1.035,77.686,123.12,269.105,-4.68,59.278,-0.074,13.733,-3.22,12.776,5.895,1
13.61,1.05,6.81,5.5,2.36,10.21,2.36,6.81,4.19,7.33,3.14,3.93,4.97,1.83,4.45,2.36,6.02,9.42,1.05,2.62,47.38,22.77,29.84,52.09,9.69,32.72,23.3,6.28,11.26,0,0,0,0,8.9,3.4,9.95,47.91,46.6,1.05,0,1.31,7.07,7.07,5.76,4.71,7.85,20.42,17.54,0.979,1.033,1.006,2.997,-0.83,0.437,78.824,6.38,78.479,124.023,273.953,-6.091,60.938,0.081,14.151,-3.271,12.308,5.943,1
7.97,0.33,6.98,8.64,4.98,3.99,2.99,4.98,8.31,7.31,2.33,3.65,5.98,3.65,4.98,6.31,3.65,9.97,1,1.99,40.86,20.6,38.54,21.93,33.55,39.53,0.66,15.61,4.98,0,0,0,0,3.99,1.33,4.65,20.6,18.6,1.99,1.33,4.98,24.92,24.92,4.98,4.98,8.31,18.94,17.61,0.971,1.055,0.98,2.501,-0.852,0.44,84.018,-10.495,79.136,131.147,265.615,-6.576,68.064,-0.413,15.856,-4.685,16.674,6.032,1
