7.87,1.12,4.49,12.36,2.25,5.62,1.12,6.74,6.74,13.48,0,3.37,2.25,6.74,3.37,5.62,4.49,5.62,3.37,3.37,43.82,23.6,32.58,43.82,16.85,32.58,12.36,6.74,8.99,0,0,0,0,8.99,1.12,11.24,40.45,38.2,0,0,3.37,12.36,12.36,6.74,2.25,3.37,23.6,16.85,0.943,1.077,0.999,3.227,-0.917,0.442,85.27,-11.169,77,132.189,268.921,-3.321,69.987,-0.319,16.48,-4.311,14.81,5.829,-1
11.53,0.58,4.61,5.48,2.02,7.78,2.88,6.63,4.61,9.22,6.05,2.59,6.05,3.46,5.76,6.92,4.32,8.07,0.29,1.15,45.53,25.36,29.11,38.33,21.04,33.72,12.39,13.83,9.22,0,0,0,0,4.03,2.02,6.34,34.01,29.97,3.17,2.31,4.32,16.14,15.85,5.48,4.61,7.2,16.14,15.56,0.972,1.05,0.992,3.041,-0.849,0.437,80.224,4.412,79.795,125.404,269.778,-6.839,63.084,0.054,14.387,-3.582,12.441,6.103,-1
3.53,0,3.53,10.59,1.18,4.71,5.88,7.06,9.41,12.94,1.18,5.88,1.18,4.71,12.94,2.35,3.53,7.06,0,2.35,35.29,21.18,43.53,76.47,0,18.82,4.71,0,1.18,0,0,0,0,10.59,0,14.12,69.41,65.88,0,0,0,0,0,2.35,4.71,2.35,12.94,8.24,0.952,1.067,0.999,1.784,-0.814,0.448,89.339,-20.988,76.835,137.529,266.8,-0.882,75.811,-0.889,17.516,-6.292,22.037,6.563,-1
10.45,4.53,4.18,5.57,6.27,4.18,4.53,2.09,6.27,10.8,3.48,5.23,5.57,4.53,3.83,5.57,3.83,5.57,1.74,1.74,46.69,22.65,30.66,36.59,9.06,49.83,12.89,5.23,7.67,0,0,0,0,6.97,1.74,7.67,33.45,32.4,1.74,1.05,1.74,5.92,5.92,9.06,6.97,11.85,22.3,19.51,0.978,1.042,0.992,3.368,-0.855,0.422,83.365,5.035,74.592,130.663,264.871,-10.221,67.698,-0.179,16.849,-4.117,13.104,6.04,-1
17.65,0,2.61,8.5,1.31,1.96,3.92,3.92,5.23,11.11,0,9.15,1.96,11.76,0.65,6.54,7.84,4.58,1.31,0,39.87,32.03,28.1,79.74,0,18.3,22.88,0,3.27,0,0,0,0,16.34,1.96,10.46,75.16,75.82,0,0,0,0,0,1.31,1.31,2.61,13.07,7.19,0.941,1.095,0.971,2.729,-0.639,0.432,79.373,-18.889,88.105,125.702,262.288,-4.713,62.544,-0.493,13.874,-4.227,11.543,5.819,-1
9.49,0.73,4.38,6.2,5.84,5.47,2.92,4.38,2.55,12.41,2.19,4.01,3.28,4.74,9.85,6.2,4.38,5.84,1.09,4.01,45.99,23.72,30.29,43.07,18.61,32.85,14.96,10.58,6.57,0,0,0,0,9.12,1.82,12.04,37.96,34.67,2.55,1.09,2.55,14.96,12.41,6.2,3.28,5.84,16.42,14.23,0.962,1.043,1.024,3.821,-0.918,0.436,85.115,4.515,76.161,132.879,271.708,-6.449,70.347,-0.222,16.579,-4.688,13.879,6.168,-1
11.22,1.36,6.12,8.16,1.02,8.84,1.7,6.12,2.38,13.27,0,3.74,5.1,3.4,9.18,5.44,3.06,7.48,0.68,1.7,42.86,22.45,34.69,30.61,22.79,40.48,9.86,11.22,8.84,0,0,0,0,7.82,2.04,5.44,28.57,26.53,1.7,0.34,4.08,16.67,15.99,6.46,5.1,9.18,22.79,18.03,0.991,1.035,0.979,2.941,-0.822,0.449,80.239,-2.616,77.565,126.072,271.449,-4.581,62.456,-0.162,14.603,-4.184,14.517,6.05,-1
4.39,5.26,4.39,3.07,1.75,9.21,2.19,2.19,3.07,7.46,0.44,4.82,8.77,3.51,5.26,10.09,8.33,5.7,5.7,4.39,37.28,33.33,29.39,21.93,23.68,45.18,8.33,11.4,6.58,12,4,1,7,3.51,1.32,7.02,18.42,15.79,3.07,0.44,5.7,17.54,17.54,5.26,4.39,10.09,22.37,21.93,1.092,0.912,0.999,2.231,-0.811,0.445,80.495,-1.636,72.412,129.223,260.956,-13.875,63.089,-0.514,16.468,-4.448,10.133,6.011,-1
7.44,1.29,9.39,6.8,3.24,7.12,0.65,6.15,6.47,10.36,3.56,2.91,0.65,4.21,7.77,7.12,5.83,4.53,0.32,4.21,41.1,24.92,33.98,68.93,0,22.65,25.57,0,3.56,0,0,0,0,14.56,3.56,19.74,62.46,55.02,0,0,0,0,0,3.56,2.59,5.5,11.97,10.03,0.978,1.044,0.989,2.418,-0.841,0.447,83.124,-12.748,79.398,131.093,269.45,-1.868,67.347,-0.447,15.898,-4.892,16.288,6,-1
10.4,1.73,5.78,6.94,3.08,7.51,2.5,7.13,6.94,7.32,3.66,3.28,3.85,2.7,5.97,5.2,5.01,8.67,0.58,1.73,44.32,22.93,32.76,39.69,19.46,35.26,10.98,12.91,9.63,0,0,0,0,7.71,1.93,5.97,35.84,33.14,1.35,0.58,2.7,15.8,15.8,4.82,5.01,6.17,17.53,15.41,0.969,1.049,0.999,2.386,-0.825,0.439,81.485,-2.52,78.923,127.474,268.198,-4.539,64.834,-0.12,15.222,-4.032,14.762,6.099,-1
7.59,0.26,3.66,9.16,5.76,7.85,3.14,2.62,6.54,11.52,1.31,1.31,7.85,1.31,7.07,3.4,4.45,8.64,3.14,3.4,44.24,20.16,35.6,28.53,26.44,37.96,10.73,13.61,8.38,0,0,0,0,4.19,2.36,4.45,25.13,21.73,1.83,1.05,3.14,19.37,19.11,5.24,3.4,7.07,19.9,15.45,0.981,1.038,0.993,4.005,-0.967,0.436,85.565,2.639,69.89,132.361,272.832,-10.227,70.034,-0.255,16.625,-4.251,15.468,6.185,-1
13.12,0.62,6.88,6.25,1.88,8.75,0,8.12,4.38,7.5,1.88,2.5,3.12,3.12,6.25,7.5,4.38,8.75,0,5,46.88,23.75,29.38,77.5,0,18.75,17.5,0,1.25,0,0,0,0,10.62,0.62,15,72.5,68.75,0,0,0,0,0,3.75,1.88,4.38,12.5,10.62,0.977,1.034,1.01,2.603,-0.848,0.448,79.309,-2.619,80.819,124.91,272.875,-2.433,61.852,0.009,14.184,-3.667,12.548,5.967,-1
14.38,1.25,6.25,4.38,1.25,6.88,0,6.25,5,9.38,3.12,2.5,2.5,2.5,5,7.5,7.5,6.88,0,7.5,50,24.38,25.62,76.88,0,18.12,16.25,0,1.88,0,0,0,0,15,1.88,10.62,71.88,66.88,0,0,0,0,0,4.38,2.5,3.75,12.5,10,0.971,1.032,1.027,3.111,-0.892,0.439,80.014,-0.144,79.844,125.774,275.556,-3.915,63.258,0.066,14.637,-3.518,11.044,5.979,-1
4.48,1.49,0,5.97,4.48,8.96,0,7.46,8.96,7.46,1.49,4.48,2.99,10.45,8.96,1.49,10.45,5.97,1.49,2.99,37.31,31.34,31.34,25.37,31.34,37.31,1.49,2.99,1.49,0,0,0,0,2.99,0,10.45,22.39,20.9,0,0,4.48,20.9,22.39,2.99,1.49,4.48,17.91,13.43,0.975,1.011,1.06,2.449,-0.813,0.45,86.433,-17.657,74.701,133.284,259.776,-4.28,72.537,-0.563,16.924,-4.949,13,6.443,-1
10.68,0,7.77,9.71,2.91,5.83,2.91,5.83,0.97,9.71,1.94,2.91,4.85,3.88,7.77,8.74,3.88,5.83,0.97,2.91,40.78,25.24,33.98,68.93,0,25.24,22.33,0,4.85,0,0,0,0,8.74,2.91,14.56,61.17,59.22,0,0,0,0,0,4.85,4.85,5.83,13.59,9.71,0.987,1.05,0.957,2.689,-0.818,0.447,80.978,-5.786,81.845,129.069,269.922,-5.94,63.63,-0.388,14.918,-4.713,15.383,5.838,-1
6.98,0.58,5.23,5.43,4.26,7.75,1.55,5.04,7.75,7.36,2.71,6.98,4.84,3.88,2.13,6.2,6.78,5.62,2.91,6.01,41.47,26.16,32.36,35.66,18.6,39.15,14.34,10.47,12.6,1,0,1,0,5.23,1.74,8.53,31.59,30.04,1.74,0.78,5.23,13.57,14.53,6.59,6.2,10.08,19.38,16.09,1.015,0.993,1.008,2.868,-0.885,0.44,83.37,-8.091,77.638,130.964,268.547,-8.132,67.77,-0.457,16.006,-4.219,11.963,5.95,-1
7.89,1.64,6.25,6.25,4.93,9.54,1.97,3.29,7.24,7.57,2.96,4.61,3.95,2.3,6.58,2.63,5.26,8.88,2.63,3.62,43.42,21.71,34.87,24.34,23.68,47.04,8.55,9.87,10.53,0,0,0,0,3.62,0.99,4.61,22.37,20.72,2.96,0.33,5.92,16.12,16.78,5.92,3.62,7.89,28.62,24.67,0.991,1.02,1.006,2.802,-0.85,0.438,83.465,-1.365,73.836,130.976,270.141,-6.302,67.728,-0.364,16.314,-4.397,14.9,6.118,-1
5.65,0.81,4.03,8.06,3.23,4.03,3.23,8.06,4.84,13.71,3.23,8.06,2.42,9.68,5.65,3.23,2.42,6.45,2.42,0.81,44.35,22.58,33.06,79.03,0,20.16,16.13,0,0.81,0,0,0,0,8.87,1.61,16.13,75,70.97,0,0,0,0,0,1.61,4.84,4.03,12.9,11.29,0.93,1.071,1.04,3.414,-0.911,0.435,87.58,-1.435,79.29,134.698,265.75,-4.013,73.782,-0.292,17.093,-4.693,13.94,6.011,-1
5.74,1.69,5.74,8.11,4.73,8.78,1.69,5.07,10.81,8.45,4.39,3.72,4.39,2.03,3.04,5.07,5.07,5.41,2.03,4.05,41.55,22.64,35.81,25.34,27.36,40.2,9.12,14.19,7.43,0,0,0,0,3.38,1.69,7.77,23.65,21.28,2.7,1.01,4.73,18.58,20.61,4.73,6.08,8.45,22.3,20.27,0.995,1.031,0.977,2.647,-0.894,0.44,84.162,-10.132,74.547,131.253,268.226,-6.425,68.537,-0.413,16.418,-4.238,15.376,6.042,-1
13.89,0,4.63,6.48,0.93,4.63,1.85,7.41,9.26,9.26,0,4.63,2.78,0,12.96,3.7,2.78,10.19,0,4.63,46.3,12.96,40.74,37.96,42.59,13.89,11.11,9.26,0,0,0,0,0,3.7,0.93,4.63,36.11,31.48,1.85,0,2.78,27.78,27.78,1.85,1.85,2.78,8.33,5.56,0.949,1.062,1.014,2.412,-0.838,0.445,84.881,-9.176,78.037,130.766,273.241,-0.497,69.781,-0.338,15.868,-5.032,18.236,6.596,-1
6.28,5.38,2.69,1.79,1.35,11.21,1.35,6.73,6.28,6.28,0.9,7.17,3.59,4.48,0.9,15.25,4.48,7.62,1.79,4.48,40.81,36.77,22.42,9.87,31.84,47.53,1.79,8.97,7.62,12,3,5,4,1.79,0.45,2.24,8.52,7.17,3.59,1.79,6.73,25.11,23.77,6.73,6.28,7.17,21.08,21.08,1.073,0.921,1.026,1.334,-0.784,0.448,76.677,-3.874,79.121,122.442,261.13,-6.558,58.576,-0.06,14.582,-3.27,7.521,5.967,-1
7.85,1.57,7.33,4.19,5.76,5.76,1.05,6.28,6.28,9.42,3.66,4.19,4.19,4.19,6.28,7.33,3.66,6.81,1.05,3.14,45.55,21.99,32.46,27.75,27.23,39.27,3.66,12.04,5.24,0,0,0,0,3.66,0.52,1.57,25.65,22.51,0.52,0.52,2.09,21.47,23.04,8.38,4.71,5.24,20.94,18.85,0.978,1.028,1.018,3.265,-0.919,0.439,83.941,0.304,77.649,130.83,267.916,-5.997,68.579,-0.144,16.201,-4.285,13.387,6.063,-1
13.01,2.05,5.48,7.53,6.16,4.11,0.68,6.16,2.74,7.53,1.37,4.11,3.42,3.42,7.53,3.42,6.85,10.96,0.68,2.74,50.68,18.49,30.82,63.7,0,33.56,18.49,0,5.48,0,0,0,0,10.27,4.79,8.22,58.22,53.42,0,0,0,0,0,1.37,2.05,6.16,15.75,15.75,0.932,1.062,1.049,3.306,-0.897,0.433,82.828,7.507,79.281,129.271,270.267,-5.203,66.941,0.133,15.871,-3.98,12.757,5.954,-1
8.82,2.94,8.82,7.35,8.82,5.88,1.47,4.41,8.82,1.47,1.47,4.41,1.47,5.88,10.29,4.41,4.41,1.47,1.47,5.88,36.76,22.06,41.18,47.06,0,45.59,4.41,0,2.94,0,0,0,0,7.35,4.41,4.41,42.65,41.18,0,0,0,0,0,5.88,7.35,2.94,20.59,17.65,1.004,1.03,0.957,1.457,-0.705,0.447,85.731,-24.456,77.118,137.397,260.147,-3.507,71.296,-1.16,17.966,-6.331,19.291,6.182,-1
6.1,0.7,6.57,3.52,5.4,6.57,3.05,5.4,3.52,8.22,2.58,4.69,6.57,5.16,5.87,6.57,7.98,5.16,1.41,4.93,39.91,29.34,30.75,22.3,22.54,50.47,3.76,9.15,10.8,0,0,0,0,3.99,1.88,5.4,20.42,16.67,2.82,1.17,4.93,16.43,16.43,7.51,5.16,11.5,24.18,21.83,1.022,0.981,1.017,3.184,-0.889,0.442,83.368,-2.491,77.434,131.48,267.39,-10.542,67.516,-0.414,16.028,-4.59,12.28,6.011,-1
6.86,2.86,5.71,1.14,6.86,5.71,1.71,4,4,8,1.71,6.29,5.71,3.43,2.86,9.14,9.14,10.86,0.57,3.43,45.14,29.14,25.71,0,46.29,48,0,21.71,8,0,0,0,0,0,0,0,0,0,9.14,2.29,9.71,33.14,35.43,1.14,2.86,8,17.14,16,1.016,0.963,1.066,3.209,-0.919,0.434,80.697,7.92,78.337,126.75,266.509,-10.794,64.098,0.139,15.325,-3.519,8.677,5.918,-1
16.41,0,3.91,15.62,2.34,7.03,0,7.03,13.28,7.81,0.78,0.78,2.34,2.34,0.78,3.91,3.91,11.72,0,0,46.09,17.19,36.72,62.5,13.28,18.75,8.59,3.91,1.56,0,0,0,0,3.12,2.34,6.25,54.69,54.69,0.78,1.56,0.78,10.16,10.16,1.56,2.34,3.91,12.5,10.94,0.9,1.15,0.949,2.241,-0.789,0.441,79.79,-19.125,81.133,123.01,269.852,0.887,62.044,0.011,13.66,-3.192,17.049,5.921,-1
11.39,2.53,10.13,6.33,5.06,3.8,0,3.8,13.92,3.8,0,6.33,5.06,6.33,0,2.53,6.33,10.13,2.53,0,39.24,18.99,41.77,65.82,0,32.91,12.66,0,0,2,2,0,0,5.06,2.53,15.19,62.03,55.7,0,0,0,0,0,3.8,5.06,10.13,17.72,17.72,0.978,1.053,0.969,1.87,-0.705,0.44,81.672,-24.557,80.316,128.215,258.089,-5.168,64.967,-0.595,15.447,-4.447,15.88,5.885,-1
12.66,0,6.96,10.76,1.9,3.8,1.27,5.7,6.33,10.13,4.43,4.43,3.16,3.16,6.96,2.53,4.43,10.76,0,0.63,46.2,15.19,38.61,53.16,20.25,22.78,1.9,6.96,0,0,0,0,0,5.06,0,3.8,47.47,45.57,1.27,0,3.16,16.46,13.29,0.63,3.16,3.16,12.03,10.76,0.915,1.116,0.985,2.66,-0.828,0.437,82.911,-6.475,82.449,128.882,270.703,-1.993,66.663,-0.154,15.062,-4.381,16.777,5.983,-1
10.37,0.27,7.98,7.18,2.66,7.71,0.53,7.98,7.18,7.71,2.13,3.99,4.26,4.79,4.79,3.19,7.18,7.98,0.27,1.86,41.22,23.4,35.37,37.77,25.53,31.38,11.97,10.37,7.71,0,0,0,0,4.79,1.6,9.31,33.78,32.71,1.86,1.6,4.52,17.02,18.62,2.13,2.13,4.79,18.88,14.89,0.973,1.047,0.994,2.483,-0.806,0.448,80.973,-12.362,80.997,126.688,267.941,-3.806,63.87,-0.256,14.514,-4.094,14.521,5.951,-1
2.91,0,8.72,5.81,1.74,4.07,0,4.65,13.37,15.12,3.49,7.56,2.91,2.33,4.07,5.81,2.33,9.88,1.74,3.49,43.02,14.53,42.44,44.19,16.86,34.3,15.12,8.14,4.65,0,0,0,0,8.14,4.65,4.65,41.28,37.21,1.16,1.16,2.91,11.63,11.05,2.33,2.91,8.14,20.93,18.02,0.967,1.044,1.015,3.044,-0.982,0.441,87.569,-13.971,76.924,133.533,270.686,-2.635,73.442,-0.38,16.674,-4.682,16.677,6.141,-1
0,12.73,7.27,10,1.82,8.18,3.64,2.73,3.64,4.55,1.82,1.82,6.36,1.82,7.27,10,8.18,4.55,1.82,1.82,31.82,31.82,36.36,0,20.91,72.73,0,3.64,8.18,14,0,3,11,0,0,0,0,0,3.64,2.73,1.82,14.55,10,5.45,8.18,11.82,30.91,35.45,1.1,0.935,0.935,-0.689,-0.658,0.45,78.92,-14.727,72.582,129.811,249.8,-10.516,59.898,-0.739,17.73,-5.439,16.895,5.821,-1
4.61,0.66,3.95,7.24,5.92,7.24,3.95,7.24,5.92,7.24,1.97,5.92,1.32,3.95,5.92,9.87,4.61,3.95,1.32,7.24,40.13,29.61,30.26,1.97,48.68,42.76,0,19.08,3.95,0,0,0,0,0,0,0,1.97,1.32,4.61,3.95,9.21,36.18,35.53,5.92,5.26,9.21,18.42,17.11,1.005,0.999,1.018,2.347,-0.897,0.444,85.312,-8.118,78.52,134.428,268.664,-5.203,70.803,-0.559,16.912,-4.975,14.448,6.073,-1
6.67,0.67,3.33,6,2,2.67,2.67,11.33,6,14.67,2.67,4,4.67,5.33,4.67,7.33,6,3.33,2.67,3.33,47.33,24,28.67,66,0,29.33,24.67,0,4.67,0,0,0,0,14,2,8,59.33,58.67,0,0,0,0,0,3.33,3.33,6.67,18,14.67,0.946,1.048,1.051,4.129,-1.048,0.436,87.409,2.647,77.853,133.136,269.753,-7.019,73.327,0.015,16.899,-4.061,12.245,6.102,-1
9.19,2.7,4.86,5.41,3.24,5.41,2.7,5.95,4.86,14.05,1.62,4.32,5.41,1.08,4.86,6.49,5.95,5.95,3.78,2.16,48.65,21.62,29.73,43.78,15.68,33.51,11.35,11.35,7.57,2,1,0,1,9.19,2.16,6.49,38.92,34.59,0,0,1.08,11.35,12.43,2.7,7.03,4.32,17.3,14.59,0.977,1.026,1.024,4.097,-0.983,0.43,83.842,10.978,74.249,129.765,271.951,-9.34,68.029,0.098,16.422,-3.694,12.147,6.031,-1
9.01,0.45,3.6,8.11,4.5,7.21,4.05,7.21,2.25,10.81,0.9,5.41,4.05,3.6,7.66,5.41,6.31,4.05,1.8,3.6,42.34,26.58,31.08,75.68,4.05,17.57,21.62,0.9,2.7,0,0,0,0,10.36,0.45,15.32,71.17,67.12,0,0,0.45,2.25,2.25,2.7,4.5,4.05,10.36,8.11,0.986,1.026,1.006,3.323,-0.884,0.44,83.674,0.604,77.842,131.277,271.18,-7.452,67.886,-0.309,16.011,-4.52,13.754,6.052,-1
11.65,1.94,2.91,7.77,1.94,5.83,5.34,6.8,3.88,11.65,2.43,4.37,4.37,2.91,4.37,4.37,6.31,7.28,0.97,2.91,47.57,24.76,27.67,44.17,16.5,33.98,12.14,12.62,5.34,0,0,0,0,7.28,2.43,4.85,40.29,38.35,2.43,1.46,2.43,13.59,14.08,3.4,3.4,4.37,17.96,16.02,0.957,1.052,1.019,3.262,-0.89,0.429,82.217,6.976,77.835,127.966,272.408,-7.456,65.813,0.047,15.512,-3.673,12.941,6.018,-1
12.41,1.24,6.91,6.21,4.26,9.22,2.13,5.5,4.96,6.91,3.37,3.72,4.08,3.9,3.72,4.96,5.5,6.03,1.06,3.9,44.68,25.71,29.61,53.55,4.08,36.88,24.47,2.84,10.11,0,0,0,0,9.93,4.43,12.94,48.4,43.26,0.71,0.18,1.6,3.19,3.19,5.5,5.67,7.09,18.97,17.02,0.989,1.034,0.985,2.868,-0.812,0.438,79.803,-1.619,78.837,126.58,270.702,-6.199,62.575,-0.195,14.791,-3.76,12.717,5.88,-1
11.38,0.41,7.72,7.32,3.66,6.91,2.85,4.07,4.07,4.88,3.66,2.44,5.28,3.66,9.76,4.88,5.69,7.32,0.41,3.66,39.43,23.98,36.59,34.55,15.45,43.09,7.72,6.1,11.38,0,0,0,0,4.47,2.03,6.5,31.3,26.83,2.85,0.81,4.47,8.94,8.94,7.32,6.5,11.38,21.95,19.51,0.993,1.04,0.962,2.06,-0.739,0.445,81.424,-10.053,79.78,130.042,267.524,-6.049,64.586,-0.608,15.3,-5.117,16.674,6.112,-1
11.09,1.15,5.54,3.7,3.46,12.24,1.15,7.85,4.39,6.93,3,6,3,3.46,3.46,7.16,4.85,8.31,0.46,2.77,45.03,28.87,26.1,53.12,9.01,29.79,25.4,3,6.93,0,0,0,0,10.39,3,12.7,48.5,46.19,0.69,0.69,1.62,6.24,5.54,4.39,4.85,6.47,17.32,14.78,1.006,0.998,1.019,2.634,-0.816,0.444,77.559,3.508,80.598,122.567,270.933,-4.488,59.687,0.101,13.723,-3.108,9.897,5.934,-1
10.55,6.06,6.06,10.73,5.36,1.9,2.6,1.38,10.03,10.21,1.04,2.94,4.15,3.46,4.15,4.15,4.84,7.09,0.17,3.11,44.98,16.96,38.06,71.45,0,27.51,17.47,0,3.63,32,26,0,6,9.52,1.38,12.46,64.19,58.3,0,0,0,0,0,2.6,2.25,4.67,15.92,12.11,0.959,1.076,0.966,2.261,-0.817,0.429,84.018,-12.848,74.398,131.715,263.017,-6.301,68.067,-0.397,17.286,-4.692,17.466,5.97,-1
8.28,1.91,3.18,7.01,3.82,7.64,0.64,5.73,5.73,12.74,2.55,4.46,3.82,3.18,5.73,6.37,7.01,7.01,0.64,2.55,45.22,24.84,29.94,68.79,0,22.29,26.75,0,2.55,0,0,0,0,10.19,1.91,8.92,63.06,61.15,0,0,0,0,0,5.1,3.18,3.18,13.38,8.92,0.975,1.031,1.022,3.343,-0.919,0.439,82.41,-0.153,76.707,127.785,269.962,-5.978,66.258,0.032,15.476,-3.739,11.938,6.069,-1
10.28,1.25,5.76,6.27,4.76,4.51,1.75,4.51,6.52,10.03,2.01,4.76,7.52,5.26,4.01,5.01,5.51,7.77,0.5,2.01,43.11,22.06,34.84,49.87,9.52,37.59,16.79,5.01,8.02,0,0,0,0,8.77,2.26,12.03,45.61,41.35,0.75,0.5,1.25,7.27,6.77,5.76,4.76,8.27,21.8,19.55,0.982,1.038,0.992,3.282,-0.861,0.438,82.352,-5.937,78.341,128.344,265.912,-8.856,65.793,-0.212,15.313,-4.07,12.984,5.989,-1
14.25,1.11,6.24,5.35,1.78,10.02,2.23,3.56,6.24,8.69,1.78,4.45,4.68,4.9,2.9,4.68,8.91,5.12,0.67,2.45,39.42,30.73,29.84,31.18,17.59,45.43,15.81,11.36,11.36,4,1,0,3,6.01,3.56,6.9,28.51,26.06,2,1.11,3.56,13.14,13.81,8.02,7.35,10.47,23.83,20.71,1.011,1.023,0.958,2.572,-0.699,0.442,76.944,-12.16,79.909,122.784,268.535,-6.862,58.426,-0.356,13.504,-3.712,12.256,5.942,-1
12.93,1.36,6.12,8.16,4.76,4.76,0.68,3.4,4.76,8.84,0.68,3.4,4.08,2.72,8.84,6.12,5.44,6.8,2.72,3.4,44.9,19.73,35.37,33.33,23.13,36.73,8.84,13.61,5.44,0,0,0,0,4.08,2.04,7.48,31.29,28.57,2.04,1.36,4.08,19.05,18.37,4.76,3.4,5.44,14.29,14.97,0.969,1.055,0.984,3.122,-0.834,0.439,83.097,-4.782,77.524,131.04,269.143,-5.821,67.147,-0.372,16.108,-4.754,15.074,6.07,-1
12.5,1.79,7.14,4.46,1.79,3.57,2.68,4.46,0.89,13.39,1.79,3.57,8.93,6.25,5.36,5.36,6.25,7.14,1.79,0.89,45.54,24.11,30.36,36.61,14.29,45.54,5.36,8.93,4.46,0,0,0,0,4.46,2.68,4.46,32.14,28.57,2.68,0.89,5.36,12.5,10.71,6.25,4.46,4.46,17.86,16.96,0.982,1.034,0.999,3.972,-0.867,0.435,80.802,5.562,78.598,126.727,268.045,-11.062,63.342,-0.02,14.9,-3.852,11.206,5.88,-1
6.92,0.77,6.54,1.92,3.46,5.77,2.31,8.85,4.62,12.31,2.31,3.08,11.92,4.23,2.69,5.77,8.46,5.77,0.77,1.54,42.69,26.54,30.77,18.46,34.23,41.54,3.46,16.15,10.38,0,0,0,0,2.69,0,3.85,15.77,12.69,2.69,1.15,5.38,24.23,25.38,7.31,4.62,6.15,20,16.15,1.02,0.982,1.02,4.232,-0.99,0.442,81.876,4.138,76.562,126.125,267.688,-14.075,64.565,0.12,14.778,-3.315,9.896,5.986,-1
7.03,0.78,8.59,3.12,4.69,8.59,3.12,3.12,8.59,7.81,4.69,5.47,3.12,4.69,0.78,7.81,7.81,7.81,0.78,1.56,38.28,32.03,29.69,17.19,29.69,44.53,3.12,11.72,13.28,0,0,0,0,2.34,0.78,3.91,15.62,11.72,2.34,2.34,5.47,20.31,21.88,8.59,8.59,11.72,23.44,21.09,1.009,1.01,0.989,2.455,-0.782,0.438,79.726,-8.797,80.484,126.325,266.289,-7.06,62.746,-0.333,14.49,-3.929,12.924,5.896,-1
6.56,2.36,6.82,5.25,6.04,7.87,2.1,5.77,6.04,7.35,1.84,3.41,5.51,2.36,4.72,5.77,5.51,9.71,1.05,3.94,44.62,23.62,31.76,35.96,21.78,37.53,11.29,12.86,9.97,0,0,0,0,8.4,1.57,6.56,33.33,29.92,1.57,1.57,2.62,17.32,17.85,4.72,4.46,6.56,18.37,15.75,1,0.998,1.028,2.902,-0.921,0.44,82.636,2.465,75.123,129.26,268.843,-7.963,66.297,-0.077,15.994,-3.934,13.211,5.989,-1
8.47,0.85,3.39,7.63,2.54,10.17,1.69,3.39,6.78,9.32,0,2.54,4.24,5.93,5.93,8.47,6.78,9.32,1.69,0.85,36.44,33.05,30.51,12.71,39.83,35.59,1.69,5.93,0,0,0,0,0,1.69,0.85,2.54,11.02,11.86,2.54,0.85,6.78,24.58,23.73,2.54,3.39,5.08,15.25,18.64,1.005,1.017,0.983,2.268,-0.745,0.45,79.581,-13.958,77.39,125.501,264.441,-5.39,62.104,-0.375,14.346,-4.171,13.522,6.134,-1
7.14,0.65,2.6,11.04,5.19,5.19,1.3,3.25,9.74,5.19,1.3,7.79,4.55,3.25,9.09,3.25,6.49,5.84,2.6,4.55,35.71,19.48,44.81,14.94,37.01,43.51,0,4.55,1.95,0,0,0,0,1.95,0.65,0.65,12.34,9.09,3.25,0.65,7.14,20.78,23.38,4.55,2.6,4.55,15.58,13.64,0.997,1.033,0.967,1.742,-0.768,0.446,86.692,-24.591,77.455,136.239,262.545,-5.768,72.234,-1.038,17.317,-5.919,17.823,6.292,-1
7.05,1.59,5.45,6.82,3.86,9.55,2.5,6.82,9.77,5.45,1.59,3.64,5.23,2.5,4.09,4.77,5.91,10.23,1.36,1.82,39.77,25.23,35,22.27,32.5,37.95,6.36,15.68,8.64,0,0,0,0,3.18,0.68,5.68,20.45,19.09,3.86,2.05,5.91,24.09,24.32,5.45,5.68,5.68,18.86,15.68,1.001,1.012,1,2.012,-0.818,0.445,81.601,-9.191,76.509,127.399,265.625,-5.943,64.735,-0.278,15.251,-4.028,14.986,6.131,-1
7.78,1.11,11.11,10,2.22,4.44,2.22,8.89,7.78,7.78,3.33,3.33,3.33,6.67,0,4.44,4.44,8.89,2.22,0,42.22,22.22,35.56,20,47.78,27.78,5.56,12.22,1.11,0,0,0,0,3.33,1.11,4.44,16.67,20,2.22,0,10,34.44,30,2.22,5.56,5.56,17.78,13.33,0.941,1.087,0.983,2.288,-0.839,0.441,82.672,-11.356,82.822,129.34,264.933,-3.322,66.003,-0.259,15.396,-4.126,16.209,5.589,-1
18.28,8.6,2.15,0,0,10.75,0,6.45,2.15,3.23,0,7.53,4.3,2.15,6.45,15.05,5.38,5.38,0,2.15,44.09,33.33,22.58,58.06,0,36.56,5.38,0,7.53,8,6,0,2,12.9,1.08,6.45,50.54,47.31,0,0,0,0,0,3.23,6.45,3.23,19.35,16.13,1.084,0.931,0.982,0.635,-0.571,0.448,69.994,-0.183,83.065,115.176,258.323,-5.956,49.188,0.097,12.963,-3.145,6.409,6.119,-1
7.52,0.75,6.02,8.27,5.26,5.26,3.01,6.77,12.78,9.02,0,2.26,4.51,3.01,6.77,4.51,3.01,3.76,2.26,5.26,40.6,18.8,40.6,53.38,0,45.11,15.79,0,2.26,0,0,0,0,9.02,1.5,18.8,48.87,44.36,0,0,0,0,0,3.76,5.26,8.27,31.58,24.81,0.979,1.048,0.976,2.878,-0.902,0.444,87.892,-18.188,72.887,135.721,267.684,-5.188,73.692,-0.716,17.538,-5.223,19.08,6.33,-1
9.73,1.08,6.49,6.49,2.7,7.03,4.32,3.24,3.24,11.89,3.24,4.32,5.95,4.86,4.86,2.7,3.78,9.73,2.16,2.16,45.95,22.7,31.35,36.76,22.16,34.05,12.43,12.97,7.03,0,0,0,0,5.41,1.62,8.11,34.05,31.89,1.62,1.62,4.86,16.22,17.3,4.32,2.7,11.35,17.84,15.68,0.969,1.045,1.007,3.567,-0.877,0.431,82.624,7.184,75.778,129.261,272.011,-8.364,66.194,-0.132,15.608,-3.959,13.531,5.935,-1
12.5,0,4.69,10.16,1.56,8.59,3.91,7.81,4.69,9.38,3.12,0.78,3.12,6.25,3.91,3.91,4.69,7.81,0,3.12,45.31,27.34,27.34,27.34,38.28,23.44,0,12.5,0.78,0,0,0,0,1.56,0.78,4.69,25,26.56,1.56,3.91,9.38,28.91,28.12,1.56,1.56,3.91,13.28,10.16,0.938,1.085,0.994,2.853,-0.832,0.44,80.905,-3.219,79.516,126.544,272.422,-3.387,63.913,-0.074,14.514,-3.642,14.337,5.911,-1
7.31,0.91,5.48,4.57,1.83,6.85,1.83,3.65,8.68,10.5,5.48,3.65,4.11,4.11,5.02,6.85,4.11,9.59,0.91,4.57,44.75,23.74,31.51,54.79,17.81,22.83,11.87,7.76,4.11,0,0,0,0,7.76,1.37,11.42,50.68,48.86,2.28,0.46,2.74,13.24,11.87,2.74,3.2,8.22,7.31,7.31,0.976,1.032,1.017,2.838,-0.895,0.437,83.583,-3.918,76.603,129.825,270,-5.261,68.172,-0.215,15.772,-4.142,13.589,6.173,-1
6.85,0.18,7.21,8.44,2.81,7.38,1.93,10.37,7.73,7.91,2.99,1.93,4.04,3.34,5.8,4.57,5.27,8.61,0.53,2.11,42.36,22.5,35.15,31.28,28.82,32.69,8.96,15.11,6.85,0,0,0,0,4.75,1.58,4.75,28.3,27.07,1.76,0.88,2.99,21.79,21.09,3.69,3.34,5.45,18.28,14.76,0.96,1.053,1.009,2.478,-0.899,0.448,83.664,-7.529,79.093,129.505,269.002,-3.378,67.539,-0.164,15.473,-4.221,16.178,6.048,-1
6.38,1.74,3.77,7.83,3.48,6.67,3.48,5.22,6.96,13.33,3.19,4.64,5.22,4.06,4.64,5.8,4.64,4.64,0.58,3.77,42.32,24.64,33.04,37.97,21.45,35.36,12.17,11.01,7.83,0,0,0,0,7.83,3.48,8.12,34.78,32.17,3.48,0.58,5.8,17.1,14.49,3.77,5.22,6.96,18.84,16.52,0.988,1.032,0.992,3.189,-0.916,0.438,84.32,-5.191,75.386,130.93,269.107,-7.671,68.666,-0.292,16.247,-4.263,14.171,6.075,-1
4.59,1.83,7.8,7.34,4.13,6.42,2.75,5.96,9.63,12.39,4.13,1.83,5.96,2.29,4.13,3.67,2.75,4.13,1.83,6.42,45.41,17.89,36.7,52.29,6.88,34.86,16.97,2.75,8.26,0,0,0,0,5.96,1.38,11.93,46.33,43.12,0,0.46,2.29,5.05,5.5,3.21,1.83,6.42,20.18,14.68,0.984,1.035,0.992,3.56,-1.02,0.437,87.427,-3.927,71.023,134.898,272.459,-7.716,72.769,-0.359,17.594,-4.437,16.489,6.044,-1
6.32,0.55,4.67,5.22,3.57,9.34,1.37,6.59,7.42,9.07,1.1,7.97,5.22,4.4,1.37,6.87,8.52,6.04,1.65,2.75,37.64,30.49,31.87,32.97,23.35,37.36,9.62,12.64,7.14,0,0,0,0,5.77,2.47,5.77,29.95,28.3,1.92,1.1,2.2,17.03,17.31,7.14,6.04,9.62,20.33,16.76,1.03,0.98,1.004,2.663,-0.839,0.447,80.594,-11.327,79.772,126.398,266.195,-7.969,63.567,-0.316,14.607,-3.804,10.927,5.928,-1
8.87,0.81,7.1,6.29,3.55,9.84,1.61,3.87,3.39,9.03,2.42,1.61,6.45,3.55,7.58,3.87,4.19,6.77,4.03,5.16,44.52,23.06,32.42,52.74,2.74,39.68,26.45,1.45,11.13,0,0,0,0,9.35,3.06,11.94,47.58,46.45,0.16,0.32,0.32,1.77,1.45,7.42,5.81,8.06,20.16,20.16,1.002,1.013,0.996,3.55,-0.901,0.442,83.335,3.092,72.381,131.354,272.695,-8.405,67.162,-0.353,16.241,-4.338,13.785,6.019,-1
5.12,1.71,7.17,8.53,4.1,10.58,3.07,4.44,3.75,6.83,2.05,4.1,5.12,2.05,3.41,6.83,5.8,7.51,0.68,7.17,39.59,28.33,32.08,5.46,42.66,41.98,1.37,15.36,6.83,0,0,0,0,2.05,0.68,0.68,4.1,3.41,5.8,3.41,9.9,30.38,29.69,6.14,6.14,8.19,20.82,20.48,1.039,0.977,0.986,2.094,-0.864,0.447,80.7,-5.969,76.584,129.018,271.235,-8.004,63.226,-0.419,15.45,-4.221,13.763,5.751,-1
6.93,1.87,5.81,5.81,4.87,6.74,2.25,7.3,6.93,7.68,2.81,5.81,4.12,2.81,3.93,5.99,6.37,6.55,1.12,4.31,43.45,24.16,32.4,46.07,12.73,35.21,16.85,8.43,11.05,0,0,0,0,8.43,3.37,8.99,43.82,40.64,2.06,1.31,3.56,9.74,9.36,5.43,3.56,7.68,19.48,17.04,0.995,1.009,1.02,2.679,-0.901,0.439,83.341,-3.137,78.204,130.3,268.094,-6.828,67.566,-0.222,16.1,-4.166,13.188,5.99,-1
6.96,1.74,4.35,10.43,0.87,6.96,1.74,5.22,11.3,12.17,0,2.61,2.61,7.83,6.09,6.09,3.48,5.22,1.74,2.61,36.52,26.09,37.39,67.83,0,29.57,15.65,0,3.48,0,0,0,0,13.91,4.35,10.43,62.61,63.48,0,0,0,0,0,4.35,3.48,3.48,16.52,13.04,0.975,1.061,0.963,2.029,-0.776,0.451,84.593,-27.304,75.791,131.562,262.861,-1.826,69.061,-0.736,16.256,-5.063,17.728,6.206,-1
5.52,0.97,5.52,6.17,3.57,10.71,2.92,6.49,7.47,8.77,1.3,3.25,6.49,1.62,3.57,5.52,7.47,9.42,0.65,2.6,39.29,28.25,32.47,42.21,14.29,37.99,18.83,11.04,10.71,0,0,0,0,7.79,4.55,9.42,38.31,35.71,0.65,0.97,3.9,11.36,12.01,4.87,4.22,6.82,21.43,16.56,1.021,0.987,1.005,2.624,-0.881,0.447,80.74,-4.698,75.477,125.986,269.497,-8.282,63.234,-0.139,14.714,-3.671,13.502,6.049,-1
6.37,0.4,4.78,5.58,5.18,5.98,0.8,3.19,2.39,12.35,1.59,7.57,3.19,3.98,6.37,8.37,8.37,8.37,0.8,4.38,42.63,27.49,29.88,40.24,20.72,31.08,15.54,7.57,7.57,0,0,0,0,8.76,3.98,9.96,35.86,33.47,3.19,1.2,3.98,13.55,13.94,3.98,2.79,8.76,19.52,17.93,0.996,0.998,1.041,3.376,-0.917,0.441,82.784,-0.498,79.689,129.989,270.785,-7.237,67.043,-0.173,15.523,-4.326,10.959,5.934,-1
5.68,3.41,6.44,3.41,2.27,7.2,0.38,6.82,2.65,6.06,2.65,7.95,3.79,6.44,5.3,7.58,8.71,8.33,3.03,1.89,40.15,30.3,29.55,6.44,37.88,45.08,3.03,18.18,6.44,8,0,4,4,3.79,1.89,3.03,5.3,4.17,5.3,1.52,7.2,30.68,30.3,6.82,7.2,13.26,27.65,24.62,1.019,0.971,1.042,1.913,-0.79,0.446,80.801,-2.852,81.568,128.491,260.932,-6.746,64.184,-0.277,15.655,-4.382,10.212,5.877,-1
5.49,1.69,6.33,5.91,4.64,5.91,2.11,5.91,5.91,8.44,2.95,5.91,4.64,4.22,6.33,5.91,5.91,7.17,0.84,3.8,40.93,24.05,35.02,13.92,36.29,45.57,5.91,16.88,5.06,0,0,0,0,2.11,0.84,1.27,11.81,10.55,3.8,4.22,5.06,29.11,29.11,6.75,7.17,6.75,21.1,19.83,0.998,1.008,1.015,2.52,-0.874,0.443,84.153,-6.456,78.266,131.874,266.042,-6.825,68.618,-0.394,16.353,-4.733,14.206,6.046,-1
5.04,0.39,7.36,5.04,4.65,8.53,4.65,3.49,9.3,10.08,0.39,3.88,6.59,4.26,2.71,6.59,4.65,6.59,2.71,3.1,36.43,28.68,34.88,15.89,28.29,50.39,5.04,17.44,11.63,0,0,0,0,2.71,0.78,3.1,13.57,11.63,4.65,1.94,6.98,21.32,23.26,8.53,7.75,14.73,27.13,22.87,1.03,0.993,0.976,3.005,-0.855,0.443,83.262,-11.047,73.837,130.456,267.244,-9.688,66.964,-0.588,15.801,-4.459,15.323,6.069,-1
5.92,2.37,6.51,7.69,2.37,8.28,1.78,8.88,5.92,12.43,2.37,2.96,5.92,2.37,4.73,5.33,5.92,7.1,0.59,0.59,42.6,23.67,33.73,49.11,18.93,28.4,11.83,11.83,3.55,0,0,0,0,7.1,0.59,10.65,43.79,39.64,2.96,1.18,5.33,14.79,14.79,2.37,5.33,7.69,16.57,13.61,0.99,1.025,1,2.946,-0.923,0.445,81.84,-1.408,76.657,126.797,268.598,-6.612,64.578,0.038,15.226,-3.695,13.98,5.956,-1
7.73,0,4.83,12.08,5.31,3.38,2.42,5.31,9.66,10.63,1.45,5.31,0.97,3.38,5.31,7.73,4.83,5.8,1.45,2.42,40.1,21.74,38.16,56.52,27.05,13.04,4.35,7.25,0.48,0,0,0,0,8.21,0.97,6.76,55.07,53.14,1.93,0.97,6.76,17.87,18.36,0.97,1.93,2.42,7.25,6.76,0.946,1.088,0.973,2.544,-0.86,0.44,85.881,-17.986,80.488,133.686,267.13,-2.764,71.186,-0.557,16.498,-5.073,17.88,6.034,-1
7.78,4.44,11.11,2.22,5.56,3.33,3.33,4.44,10,8.89,0,7.78,1.11,6.67,0,7.78,6.67,7.78,0,1.11,40,27.78,32.22,65.56,0,30,13.33,0,4.44,4,1,0,3,14.44,4.44,17.78,62.22,52.22,0,0,0,0,0,2.22,4.44,5.56,14.44,14.44,0.996,1.012,1.012,2.002,-0.757,0.435,80.932,-13.733,81.5,127.87,260.567,-5.029,64.434,-0.352,15.636,-4.357,14.188,5.813,-1
6.55,1.19,7.74,11.31,5.36,8.33,2.38,5.36,2.38,14.88,0,4.76,2.38,7.14,0.6,6.55,4.76,3.57,1.19,3.57,41.67,29.17,29.17,60.12,0,31.55,18.45,0,4.76,0,0,0,0,10.71,2.38,11.31,57.14,55.36,0,0,0,0,0,4.17,4.17,8.33,17.26,16.67,0.982,1.044,0.981,3.568,-0.91,0.443,81.789,-6.119,78.345,129.19,271.53,-5.897,64.829,-0.239,15.383,-3.865,12.995,5.449,-1
13.3,1.06,4.79,6.91,2.66,6.91,2.13,7.45,3.19,9.57,0.53,5.32,4.79,3.72,5.85,5.32,4.79,7.45,2.66,1.6,46.28,22.87,30.85,34.57,19.15,40.96,10.11,12.77,7.45,0,0,0,0,6.38,2.13,7.45,31.38,28.72,4.26,1.6,3.19,16.49,14.89,6.38,4.79,7.98,22.34,21.28,0.971,1.042,1.007,3.272,-0.844,0.439,80.978,3.388,79.532,126.866,270.144,-6.153,64.05,-0.045,14.963,-3.806,12.251,5.982,-1
10.26,1.05,6.58,5,4.21,8.68,3.95,6.05,5,9.47,1.58,4.21,5.26,3.95,4.21,4.74,7.11,6.05,0.53,2.11,41.32,28.42,30.26,24.47,28.16,40,9.74,15,10.26,0,0,0,0,4.21,1.05,4.21,22.11,21.32,3.16,1.84,6.32,21.05,21.58,5.79,6.84,8.42,19.47,16.32,1.002,1.016,0.993,3.075,-0.821,0.44,80.227,-1.971,78.029,126.311,269.611,-8.138,62.887,-0.195,14.676,-3.863,13.154,5.987,-1
10.57,1.32,5.94,8.58,3.21,7.64,1.42,6.7,5.28,7.74,2.92,3.3,4.15,3.3,6.42,4.06,5.66,8.58,0.38,2.83,44.25,22.08,33.68,40.57,18.4,34.72,17.83,12.74,10.75,0,0,0,0,6.7,2.74,11.7,36.89,34.53,2.26,0.94,4.91,14.53,14.15,5.19,6.13,9.34,17.08,15.94,0.967,1.051,0.997,2.51,-0.835,0.442,81.535,-4.349,79.042,127.91,269.456,-4.459,64.725,-0.164,15.176,-4.117,14.53,5.991,-1
15.32,2.02,4.34,4.05,1.73,10.69,2.31,5.2,2.31,10.4,4.62,3.18,6.36,2.89,4.91,4.34,3.76,10.12,0.29,1.16,50.87,23.99,25.14,52.02,8.96,32.08,22.54,6.07,10.12,2,1,0,1,7.8,2.89,6.36,47.98,45.09,0.58,1.16,1.16,7.8,6.94,2.89,3.18,4.62,16.76,16.76,0.975,1.037,1.009,3.552,-0.84,0.432,77.118,16.107,77.28,120.923,273.801,-7.35,58.672,0.403,13.579,-2.63,9.671,6.015,-1
6.33,17.72,2.53,8.86,2.53,16.46,0,2.53,2.53,6.33,0,2.53,8.86,5.06,5.06,6.33,2.53,2.53,0,1.27,39.24,30.38,30.38,15.19,34.18,39.24,2.53,11.39,2.53,14,1,10,3,3.8,1.27,2.53,12.66,11.39,1.27,0,1.27,25.32,22.78,6.33,5.06,10.13,15.19,16.46,1.131,0.908,0.923,-0.209,-0.593,0.452,72.632,-5.152,65.873,120.066,248.013,-10.501,50.941,-0.195,16.377,-3.472,10.424,5.78,-1
6.72,2.19,6.41,9.06,5.78,7.34,1.41,6.72,6.25,10,1.72,3.75,3.44,3.59,5.94,5.47,5,3.91,2.19,3.12,42.34,22.81,34.84,28.75,17.66,42.81,7.97,9.22,8.59,0,0,0,0,3.75,2.34,5.94,25.31,24.53,2.81,0.78,3.59,11.09,12.81,6.56,5.16,8.75,20.94,18.59,0.983,1.038,0.989,2.991,-0.899,0.443,84.48,-6.361,75.783,132.289,267.711,-5.736,68.877,-0.361,16.719,-4.555,15.295,5.948,-1
5.68,1.7,8.52,6.82,6.82,6.25,1.7,5.68,4.55,8.52,4.55,5.68,1.14,4.55,6.25,6.82,5.68,4.55,1.7,2.84,42.05,25,32.95,53.98,2.27,35.23,13.64,1.14,4.55,0,0,0,0,6.82,3.41,9.09,48.3,44.89,0,0,0,1.7,1.7,5.11,6.82,6.82,15.34,12.5,0.977,1.037,1.004,2.757,-0.87,0.439,84.365,-3.472,79.744,133.394,267.045,-4.898,69.302,-0.405,16.722,-4.869,14.816,5.863,-1
7.57,0.27,10.27,4.59,4.32,6.22,2.16,5.14,8.65,4.86,2.16,8.38,2.16,3.24,2.16,7.03,7.84,3.24,2.7,7.03,37.3,26.49,36.22,44.32,15.14,35.41,20.27,6.49,7.3,0,0,0,0,9.46,2.97,13.78,41.62,39.46,1.62,0.81,4.59,11.35,11.35,7.03,7.84,11.89,18.11,16.76,1.03,0.991,0.979,2.015,-0.794,0.444,82.878,-19.273,81.854,132.489,267.762,-6.026,67.18,-0.86,16.016,-5.077,14.835,5.837,-1
9.21,3.17,6.67,6.03,4.44,5.4,0.63,4.13,5.08,8.57,3.81,7.3,5.4,1.9,3.49,4.13,5.71,10.48,2.22,2.22,48.25,17.78,33.97,44.13,16.19,35.24,22.86,10.48,8.89,0,0,0,0,7.94,2.86,10.48,41.59,38.73,1.9,0.95,3.49,11.75,11.43,5.08,3.81,7.62,21.9,18.41,0.978,1.026,1.023,3.01,-0.898,0.431,82.156,6.349,78.168,128.649,268.33,-7.941,65.748,0.021,15.944,-3.757,11.774,5.837,-1
3.95,1.32,7.89,6.58,3.29,8.55,1.97,7.24,7.89,7.24,1.32,4.61,4.61,1.97,5.92,5.26,5.92,8.55,1.32,4.61,38.82,23.68,37.5,21.05,26.97,39.47,3.29,12.5,6.58,0,0,0,0,1.97,1.97,3.95,18.42,18.42,3.95,1.97,7.24,21.71,21.05,5.26,6.58,5.26,17.76,20.39,1.017,0.99,1.008,2.036,-0.877,0.451,83.581,-10.993,76.579,130.926,268.151,-5.568,67.387,-0.457,16.055,-4.673,15.878,6.057,-1
6.06,0,3.03,9.09,6.06,4.55,3.03,7.58,9.09,6.06,3.03,9.09,0,7.58,0,4.55,6.06,9.09,0,6.06,43.94,25.76,30.3,21.21,48.48,22.73,1.52,10.61,0,0,0,0,0,3.03,0,6.06,19.7,18.18,3.03,0,12.12,31.82,30.3,1.52,4.55,1.52,12.12,16.67,0.939,1.052,1.058,2.297,-0.894,0.434,85.989,-11.439,82.667,133.342,267.136,-2.772,72.102,-0.345,16.482,-4.305,13.049,5.858,-1
4,1,4.5,7,4,8,4,8.5,5,4.5,3,8,6,0,5,5.5,6,10.5,1,4.5,41,23.5,35.5,18.5,24,48.5,2,10.5,9.5,0,0,0,0,4,1.5,1.5,16.5,16,1.5,0.5,2,20,20,4.5,6,5,26,25,1.02,0.976,1.03,1.893,-0.901,0.443,83.113,0.63,79.435,130.332,268.76,-8.24,66.834,-0.251,15.874,-4.314,13.621,6.021,-1
11.62,1.41,6.69,5.46,2.11,10.74,2.99,4.58,7.22,6.51,2.99,4.93,2.99,2.29,3.17,6.34,5.99,8.45,0.7,2.82,41.2,28.35,30.46,36.09,16.9,38.91,10.92,10.56,9.86,0,0,0,0,5.99,2.29,8.1,31.87,31.34,2.46,1.23,3.35,13.38,12.15,4.93,7.04,8.45,18.84,16.55,1.008,1.017,0.976,1.972,-0.736,0.441,77.757,-6.796,79.937,123.813,269.783,-4.816,59.714,-0.255,13.961,-3.724,13.47,5.982,-1
10.49,0,6.17,4.94,3.09,6.79,0.62,6.17,8.02,8.64,3.09,6.79,1.85,3.09,8.02,3.7,7.41,5.56,1.85,3.7,42.59,21.6,35.8,64.81,8.02,20.99,14.2,2.47,3.09,0,0,0,0,6.79,3.09,17.9,58.64,53.7,1.23,0.62,0.62,4.94,4.94,2.47,6.79,6.79,12.96,12.35,0.974,1.038,1.01,2.778,-0.824,0.442,83.906,-9.907,79.667,131.064,270.031,-3.344,68.825,-0.458,15.831,-4.767,14.728,6.229,-1
5.41,5.41,5.41,2.7,1.35,5.41,0,4.05,5.41,5.41,2.7,2.7,1.35,8.11,17.57,5.41,8.11,9.46,1.35,2.7,37.84,27.03,35.14,81.08,0,16.22,9.46,0,0,4,4,0,0,14.86,2.7,9.46,75.68,66.22,0,0,0,0,0,0,2.7,4.05,6.76,8.11,0.99,0.998,1.051,0.855,-0.686,0.452,85.234,-14.486,75.838,134.825,255.851,-1.715,70.874,-0.747,17.798,-6.352,16.69,6.622,-1
9.03,1.94,4.52,7.74,1.29,9.03,3.23,4.52,7.1,8.39,2.58,4.52,3.23,5.16,6.45,2.58,6.45,5.16,3.87,3.23,40,26.45,33.55,36.13,28.39,32.26,10.32,11.61,3.23,0,0,0,0,3.23,2.58,10.97,32.9,29.03,1.94,1.94,6.45,20.65,20.65,3.23,3.23,5.16,18.06,16.13,0.989,1.034,0.985,2.337,-0.766,0.44,83.427,-9.91,75.323,131.518,266.89,-5.51,67.696,-0.634,16.385,-4.776,15.403,6.145,-1
6.52,13.04,2.17,2.17,0,10.87,0,8.7,10.87,4.35,0,6.52,6.52,0,4.35,10.87,4.35,6.52,0,2.17,41.3,26.09,32.61,15.22,13.04,56.52,2.17,0,4.35,6,2,1,3,2.17,0,0,10.87,8.7,2.17,0,2.17,8.7,8.7,2.17,2.17,6.52,19.57,23.91,1.104,0.901,0.997,-0.28,-0.703,0.451,75.961,-9.065,73.348,120.743,251.674,-6.803,56.648,-0.02,15.873,-3.487,10.637,6.278,-1
12.24,6.12,4.08,1.02,2.04,3.06,0,3.06,6.12,10.2,3.06,4.08,4.08,4.08,0,13.27,13.27,5.1,0,5.1,46.94,33.67,19.39,60.2,4.08,32.65,9.18,1.02,4.08,6,4,0,2,12.24,3.06,5.1,55.1,52.04,0,0,0,3.06,2.04,4.08,7.14,4.08,18.37,15.31,1.013,0.983,1.033,2.688,-0.842,0.43,77.423,-2.398,80.704,122.868,263.51,-9.742,59.851,0.183,14.78,-3.118,6.604,5.857,-1
6.33,0,7.53,8.43,4.22,11.75,2.71,4.22,5.72,8.73,0,3.92,5.72,3.01,6.33,3.61,4.82,9.94,0,3.01,36.45,25.9,37.65,18.98,16.87,56.33,4.52,6.63,13.55,0,0,0,0,3.31,1.2,3.31,17.17,16.87,1.81,0,2.71,13.25,12.65,4.82,6.02,11.14,26.81,23.19,1.023,1.001,0.974,2.318,-0.802,0.453,80.558,-11.509,75.898,127.236,270.392,-6.129,62.765,-0.465,14.582,-4.383,16.034,5.996,-1
3.81,1.27,5.51,7.2,4.66,9.32,3.81,5.08,1.27,9.32,2.12,2.97,8.47,5.51,5.08,6.36,6.36,5.93,2.54,3.39,38.14,31.36,30.51,28.81,21.19,41.95,9.32,13.56,7.63,0,0,0,0,3.39,2.54,5.93,25.42,22.88,3.81,2.12,5.08,16.1,16.1,5.08,6.36,8.9,19.07,19.49,1.034,0.979,0.994,3.141,-0.894,0.446,82.457,0.564,74.742,130.518,266.822,-12.103,65.533,-0.374,15.898,-4.313,12.413,5.857,-1
5.5,0.25,7.25,6.75,6.5,5,0.5,7.5,9.25,9.25,0,4.75,4.5,2.25,6,5.25,5.5,10.5,0.75,2.75,43,18.5,38.5,31.5,22.25,38,8,10.75,9,0,0,0,0,5.25,1.75,6.5,28.75,26.75,1.25,1.75,3,17,16.75,5.25,3.75,8.5,22.75,20,0.971,1.028,1.035,3.086,-0.962,0.445,85.642,-7.54,77.19,131.625,268.567,-5.062,70.496,-0.18,16.223,-4.437,15.54,6.107,-1
5.03,2.83,4.72,3.14,3.14,7.55,1.89,7.23,4.4,6.29,1.26,8.18,6.29,3.77,5.03,8.49,9.12,6.6,1.89,3.14,37.42,30.82,31.76,9.75,28.93,53.77,3.77,13.21,10.06,8,1,2,5,1.57,0.63,2.52,8.18,8.18,3.77,3.77,7.55,21.7,19.5,7.23,5.35,9.43,18.55,18.87,1.054,0.942,1.024,1.975,-0.816,0.448,80.849,-6.208,79.953,128.051,261.881,-9.632,63.919,-0.357,15.478,-4.376,10.672,6.03,-1
6.98,1.74,7.56,11.05,4.65,7.56,2.91,8.14,6.4,6.98,1.74,8.14,0,5.23,5.81,3.49,4.07,2.33,1.74,3.49,37.79,23.26,38.95,52.33,2.33,40.7,3.49,1.16,4.65,2,1,0,1,9.88,2.33,12.21,50.58,47.67,0,0,0,1.16,1.74,4.07,4.65,9.88,18.02,17.44,0.984,1.049,0.966,1.652,-0.762,0.447,84.349,-18.081,81.11,133.939,265.517,-1.784,68.915,-0.809,16.727,-5.376,17.726,5.858,-1
8.81,0,3.14,8.18,4.4,2.52,4.4,2.52,6.92,17.61,0,3.77,5.03,5.03,3.14,8.81,3.14,7.55,1.89,3.14,45.91,23.9,30.19,49.06,10.69,37.74,11.95,2.52,3.14,0,0,0,0,11.32,1.89,13.21,45.28,42.77,1.26,0,1.26,6.29,5.03,3.14,3.77,4.4,16.35,17.61,0.95,1.065,1.008,4.46,-0.989,0.429,85.689,-0.377,75.182,131.566,272.132,-8.435,70.756,-0.116,16.208,-4.037,13.7,6.043,-1
2.13,0,2.13,12.77,4.26,6.38,0,4.26,8.51,8.51,4.26,6.38,2.13,4.26,12.77,6.38,0,10.64,2.13,2.13,38.3,17.02,44.68,59.57,0,34.04,4.26,0,0,0,0,0,0,2.13,0,19.15,57.45,55.32,0,0,0,0,0,2.13,2.13,10.64,12.77,12.77,0.957,1.065,0.993,1.689,-0.849,0.451,88.728,-16.83,77.319,137.579,263.404,-0.519,75.262,-0.757,17.637,-5.966,18.97,6.386,-1
9.32,4.97,2.48,6.83,3.11,10.56,4.35,8.07,2.48,7.45,4.35,4.35,4.35,4.97,4.35,4.35,7.45,4.35,0,1.86,43.48,31.68,24.84,37.89,15.53,37.89,14.29,5.59,7.45,0,0,0,0,4.97,3.11,8.7,35.4,31.06,1.86,0,1.86,10.56,11.8,4.97,8.07,9.94,19.25,19.88,1.002,1.009,1.005,2.165,-0.784,0.437,79.095,4.72,77.578,125.473,265.012,-7.832,61.465,-0.016,15.303,-3.549,11.168,5.944,-1
10.95,1.49,6.34,6.34,4.1,8.46,3.48,5.35,5.72,6.22,3.61,2.61,5.6,2.74,4.23,4.23,5.97,7.84,1.24,3.48,44.28,24.88,30.85,31.22,24.5,36.94,13.31,12.81,14.05,0,0,0,0,6.09,2.24,7.71,28.73,27.86,1.99,2.61,6.59,17.91,17.29,7.84,6.84,10.45,20.9,18.03,0.988,1.031,0.991,2.761,-0.833,0.436,80.906,0.505,77.024,127.633,269.996,-7.856,63.895,-0.188,15.227,-3.869,13.785,5.983,-1
16.08,0.7,5.59,5.24,1.05,10.49,1.75,6.99,4.55,9.79,3.15,1.75,6.29,1.4,5.94,2.8,6.99,5.59,0.35,3.5,47.2,23.43,29.37,37.76,25.52,30.07,13.29,10.84,7.34,0,0,0,0,5.24,1.75,6.64,33.92,31.47,2.8,1.75,6.29,18.53,19.58,3.15,4.2,5.59,18.88,16.78,0.986,1.039,0.982,3.445,-0.835,0.44,78.293,2.916,77.168,122.841,275.668,-6.822,60.066,0.065,13.762,-3.208,12.163,6.087,-1
7.85,1.27,5.06,8.35,4.3,7.09,4.3,6.33,4.3,11.14,0.76,3.8,4.3,3.29,5.82,6.84,4.56,6.08,1.27,3.29,42.28,26.08,31.65,41.27,15.7,36.46,9.62,9.62,10.38,0,0,0,0,5.82,2.28,7.09,36.71,32.15,2.28,0,3.29,11.9,13.42,5.32,5.57,7.34,18.99,15.44,0.988,1.029,0.997,3.049,-0.89,0.441,83.099,-1.375,76.765,130.207,270.311,-7.029,66.839,-0.252,15.888,-4.324,14.721,5.998,-1
7.31,1.54,3.46,6.15,6.92,3.46,2.31,5,4.23,13.85,4.23,4.62,5,5.38,5.38,8.46,3.08,5.77,1.15,2.69,48.46,22.69,28.85,58.46,0,36.92,18.08,0,4.62,0,0,0,0,11.15,0.77,9.23,51.54,49.23,0,0,0,0,0,5.38,0,3.85,22.31,16.54,0.954,1.05,1.029,4.282,-1.007,0.429,85.855,8.469,76.515,132.524,268.781,-8.58,71.371,0.042,16.813,-4.037,11.701,6.023,-1
10.1,1.52,6.57,3.79,3.03,9.6,1.52,7.83,6.82,8.33,2.78,3.28,4.04,4.8,3.28,5.81,6.31,7.07,0,3.54,44.19,28.03,27.78,32.32,10.61,47.98,11.87,8.08,8.59,0,0,0,0,4.55,2.27,4.04,29.04,28.28,0.51,0.25,1.52,7.58,8.08,5.81,5.3,6.82,21.97,20.2,0.993,1.013,1.017,2.815,-0.849,0.443,79.892,-3.139,78.482,125.051,269.437,-5.252,62.75,-0.024,14.511,-3.457,11.723,5.999,-1
7.98,1.23,7.98,3.07,3.07,4.29,1.84,6.75,5.52,9.2,2.45,5.52,4.29,6.75,6.13,3.07,6.13,11.66,1.23,1.84,45.4,22.09,32.52,36.81,25.15,32.52,9.2,15.34,4.29,0,0,0,0,6.13,2.45,5.52,31.29,33.74,3.07,1.23,4.29,19.63,18.4,3.68,6.13,6.75,20.86,12.88,0.956,1.031,1.062,3.041,-0.88,0.438,84.16,0.73,79.239,130.34,266.908,-5.378,68.827,-0.105,15.914,-4.318,13.169,6.063,-1
6.59,3.3,4.4,7.69,4.4,9.89,4.4,4.4,7.69,7.69,1.1,4.4,5.49,4.4,3.3,3.3,4.4,2.2,4.4,6.59,40.66,26.37,32.97,41.76,8.79,42.86,8.79,4.4,7.69,0,0,0,0,5.49,1.1,7.69,36.26,32.97,0,1.1,2.2,7.69,5.49,5.49,12.09,4.4,25.27,24.18,1.028,0.993,0.978,2.723,-0.853,0.438,84.7,-7.165,70.484,133.783,267.264,-9.565,69.202,-0.702,17.512,-4.602,14.629,6.02,-1
5.88,4.62,4.62,4.2,6.72,7.98,2.52,4.62,5.46,10.92,1.68,3.78,4.62,3.36,4.62,9.66,4.2,7.14,1.26,2.1,44.96,27.73,27.31,29.41,19.33,45.38,9.24,12.61,7.98,0,0,0,0,3.36,1.68,8.4,28.57,27.31,2.52,1.68,3.78,16.39,15.55,6.3,6.3,5.46,22.69,18.49,1.01,0.99,1.024,3.156,-0.917,0.436,81.928,6.727,73.601,128.259,265.576,-8.748,65.583,0.053,16.273,-3.72,11.558,6.035,-1
5.04,1.68,8.4,15.97,1.68,2.52,2.52,6.72,4.2,15.97,0,0,2.52,2.52,11.76,8.4,0.84,5.88,1.68,1.68,40.34,16.81,42.86,62.18,0,32.77,8.4,0,2.52,0,0,0,0,9.24,0,14.29,56.3,58.82,0,0,0,0,0,4.2,1.68,5.04,27.73,21.01,0.942,1.104,0.948,2.496,-0.919,0.451,87.175,-13.933,77,135.971,269.092,-1.518,71.705,-0.539,17.347,-5.798,22.055,5.974,-1
6.69,1.91,6.69,8.22,4.59,5.74,3.06,6.69,5.16,7.65,2.1,5.16,4.97,2.87,7.27,4.78,4.78,6.12,1.34,4.21,41.3,21.22,37.48,28.11,19.12,46.85,8.99,10.71,8.8,2,2,0,0,5.35,1.34,5.54,25.81,23.52,2.87,1.15,4.78,12.24,12.81,5.74,6.12,9.56,22.56,19.69,0.995,1.021,0.994,2.393,-0.868,0.443,84.597,-6.277,77.576,133.045,267.241,-6.809,68.901,-0.485,16.726,-4.97,16.051,6.018,-1
1.18,0,5.88,12.94,1.18,7.06,1.18,10.59,7.06,17.65,0,3.53,3.53,0,7.06,3.53,5.88,11.76,0,0,42.35,17.65,40,22.35,34.12,36.47,0,3.53,0,0,0,0,0,2.35,1.18,4.71,17.65,18.82,1.18,0,8.24,23.53,22.35,4.71,5.88,5.88,16.47,10.59,0.943,1.06,1.033,3.119,-1.048,0.452,85.914,-4.859,76.447,129.863,274.388,-2.192,69.873,0.128,15.674,-4.054,17.541,6.013,-1
4.71,0.34,7.07,5.72,3.7,5.39,2.69,7.74,6.4,7.41,2.69,8.42,3.03,3.03,5.05,6.06,5.72,9.43,1.01,4.38,41.41,22.9,35.69,36.36,28.28,29.63,9.09,14.81,5.72,0,0,0,0,6.73,1.68,5.72,33.33,29.97,2.69,2.02,3.37,20.54,19.53,7.41,6.73,4.38,15.82,12.79,0.991,1.005,1.037,2.232,-0.894,0.443,84.563,-5.939,81.418,132.09,268.502,-4.997,69.344,-0.362,16.115,-4.702,14.369,5.994,-1
8.96,0.25,8.21,6.97,4.98,9.2,2.24,2.49,5.97,6.22,2.49,2.49,2.24,2.24,5.47,8.21,5.72,9.7,1,4.98,41.04,27.61,31.34,10.45,44.28,38.56,4.23,15.42,6.47,0,0,0,0,1.74,1,1.49,9.7,7.71,3.98,2.49,11.19,32.09,30.35,4.73,5.97,9.2,17.16,15.67,0.998,1.022,0.987,2.296,-0.809,0.443,80.52,-7.204,78.42,128.438,271.55,-4.709,63.654,-0.39,14.988,-4.384,15.124,5.939,-1
7.61,1.34,5.37,6.71,4.7,10.29,3.36,3.36,5.37,8.05,2.24,5.15,3.8,2.46,3.8,8.72,4.25,6.94,2.46,4.03,40.72,29.08,30.2,33.56,23.94,35.35,11.86,13.42,10.29,0,0,0,0,6.71,2.24,8.95,31.32,26.17,3.58,2.46,6.49,18.34,17.9,6.94,5.15,8.95,22.15,19.46,1.023,0.998,0.982,2.581,-0.829,0.44,80.691,-2.345,76.752,128.346,269.647,-7.453,63.811,-0.36,15.354,-4.093,13.13,5.939,-1
7.77,1.04,5.18,8.29,4.15,3.11,4.15,4.66,4.15,10.36,2.07,6.74,1.55,7.77,9.33,3.63,3.11,8.29,1.55,3.11,43.01,21.76,35.23,27.98,35.75,32.64,5.7,12.95,2.59,0,0,0,0,4.15,1.04,8.29,25.91,23.32,5.18,1.04,10.88,27.46,24.35,3.11,5.7,3.63,18.13,14.51,0.94,1.067,1.027,2.687,-0.831,0.436,87.095,-5.264,79.021,136.076,266.57,-3.536,73.182,-0.563,17.333,-5.494,16.564,6.128,-1
5.99,1.12,5.24,13.11,5.99,3.75,0.75,7.12,8.99,7.87,1.12,4.49,4.12,6.37,9.36,1.87,4.12,3.75,1.12,3.75,37.83,16.85,45.32,65.92,0,31.09,13.48,0,3.37,0,0,0,0,12.36,4.87,14.23,60.67,57.3,0,0,0,0,0,1.87,2.62,5.24,16.48,11.61,0.958,1.075,0.969,2.203,-0.841,0.45,88.691,-25.199,77.09,137.948,262.116,-3.446,74.643,-0.9,17.883,-5.947,19.555,6.142,-1
5.77,1.05,5.77,2.62,4.2,9.62,2.27,7.69,2.97,4.2,2.1,7.52,5.77,3.85,2.27,11.01,6.82,7.34,2.62,4.55,39.51,33.57,26.92,2.97,38.64,48.08,0.52,25,14.34,4,0,2,2,0.52,0.7,0.87,2.27,1.75,5.59,3.15,8.57,31.12,31.12,8.92,7.52,11.01,21.68,20.45,1.057,0.938,1.026,2.296,-0.849,0.447,79.424,0.311,81.358,126.737,265.766,-9.597,62.134,-0.23,14.771,-3.818,8.993,5.837,-1
8.33,2.08,7.44,5.65,2.38,11.01,2.68,4.76,3.27,11.61,1.79,3.57,3.87,4.46,3.87,5.06,7.14,7.14,1.19,2.68,41.96,30.36,27.68,32.44,27.98,32.14,12.2,13.69,11.31,0,0,0,0,5.65,0.6,5.95,30.65,29.17,2.98,1.79,8.33,19.64,19.94,6.25,4.17,6.55,15.18,13.1,1.008,1.004,1.002,2.976,-0.832,0.443,79.181,0.292,76.488,125.364,271.363,-6.796,61.339,-0.111,14.596,-3.63,12.24,5.831,-1
12.6,2.06,5.66,5.4,2.83,5.14,1.8,4.11,3.86,11.05,4.63,3.6,4.37,6.17,5.14,6.17,5.4,7.97,0.51,1.54,47.3,24.68,28.02,47.56,14.65,32.13,20.05,8.74,6.17,0,0,0,0,8.23,1.8,13.37,40.87,38.82,2.06,0.26,1.8,11.57,10.54,3.86,4.88,7.97,17.74,15.68,0.953,1.062,1.007,3.283,-0.834,0.432,80.841,2.769,79.866,126.798,268.051,-6.244,64.223,0.015,15.009,-3.783,11.789,5.959,-1
9.62,0.29,5.69,2.62,4.66,9.48,1.75,5.39,4.23,5.54,1.9,9.04,4.08,3.79,2.92,7,8.16,7.14,1.9,4.81,41.25,30.17,28.57,21.87,27.41,42.13,10.35,16.03,12.24,1,0,0,1,4.52,1.6,5.98,19.83,16.76,4.96,2.04,5.1,20.26,20.99,7.14,9.48,10.2,22.16,20.55,1.032,0.967,1.023,2.681,-0.809,0.442,79.491,-2.131,81.364,126.523,269.134,-8.018,62.56,-0.287,14.538,-3.861,9.591,5.908,-1
6.08,2.03,5.41,8.78,6.08,4.05,1.35,4.05,3.38,10.14,2.03,6.08,5.41,7.43,2.7,6.08,5.41,10.14,0.68,2.7,43.92,24.32,31.76,33.11,39.86,23.65,5.41,10.81,2.7,0,0,0,0,4.73,0.68,5.41,30.41,27.7,4.05,0,8.78,29.73,27.03,1.35,2.03,3.38,13.51,14.86,0.969,1.034,1.027,3.078,-0.908,0.437,83.429,-2.088,79.405,130.56,264.851,-7.929,67.453,-0.134,16.026,-4.114,11.759,5.702,-1
9.22,1.42,4.26,7.09,3.55,5.67,2.13,4.96,5.67,9.22,1.42,3.55,3.55,7.8,7.8,4.96,4.26,8.51,4.96,0,43.26,24.82,31.91,50.35,5.67,41.13,7.8,0,1.42,0,0,0,0,7.09,2.84,3.55,46.1,43.26,0,0,0,2.84,2.84,2.84,5.67,4.26,12.77,13.48,0.949,1.061,1.019,3.137,-0.822,0.437,85.13,-2.121,76.191,132.621,263.631,-5.303,70.316,-0.37,16.73,-4.723,14.409,6.168,-1
3.03,0,9.09,7.58,3.03,7.58,0,9.09,10.61,6.06,6.06,1.52,4.55,6.06,7.58,6.06,0,6.06,3.03,3.03,39.39,19.7,40.91,30.3,51.52,12.12,0,1.52,0,0,0,0,0,0,1.52,4.55,28.79,24.24,4.55,1.52,10.61,36.36,33.33,1.52,3.03,4.55,6.06,7.58,0.976,1.051,0.977,2.161,-0.888,0.453,87.256,-16.47,76.818,135.499,263.591,-2.332,72.855,-0.673,17.116,-5.258,18.163,6.168,-1
9.17,0.83,5.42,6.25,3.33,9.58,2.5,5.42,5.83,9.58,2.92,2.92,9.58,2.08,4.58,5,4.58,6.67,1.25,2.5,41.67,23.75,34.58,22.92,20.83,49.17,3.33,6.67,6.25,0,0,0,0,2.92,2.5,2.92,21.25,18.33,1.25,0.42,5,14.17,13.75,7.5,5.83,10,18.75,17.92,1.022,1.007,0.967,3.253,-0.876,0.443,80.653,-1.354,75.025,126.239,269.654,-10.558,62.917,-0.182,14.748,-3.693,13.015,6.051,-1
10.32,1.07,2.49,2.49,8.54,11.39,2.49,7.47,2.14,11.74,1.78,3.2,4.98,1.78,2.85,3.91,5.34,6.05,5.69,4.27,56.94,24.91,18.15,60.14,2.14,31.32,6.05,0.36,4.98,0,0,0,0,9.96,1.42,6.76,56.23,53.02,0,0,0.36,1.78,1.07,3.91,2.49,5.34,17.08,14.59,0.966,1.004,1.091,5.957,-1.126,0.421,84.27,34.918,68.897,129.429,279.872,-11.502,69.363,0.581,16.57,-2.351,7,5.978,-1
9.93,0,1.99,3.64,8.61,11.92,2.32,5.3,0.66,12.25,3.31,3.97,3.64,2.65,3.97,6.29,4.3,5.63,6.62,2.98,54.64,27.48,17.88,60.26,0,34.44,5.63,0,3.97,0,0,0,0,9.93,1.32,8.94,56.95,52.32,0,0,0,0,0,3.64,2.98,5.63,19.54,17.88,0.965,1.017,1.069,5.868,-1.078,0.422,83.903,33.632,70.841,130.045,279.043,-10.66,69.123,0.431,16.367,-2.68,7.152,5.951,-1
7.86,1.46,6.4,6.95,5.67,6.03,2.56,5.12,5.85,8.23,2.93,4.75,4.2,4.39,4.75,6.58,4.02,6.03,2.01,4.2,43.51,23.58,32.91,50.27,13.89,30.53,21.76,5.67,7.13,0,0,0,0,9.87,3.29,13.16,46.44,44.06,2.56,1.28,4.57,9.14,10.42,2.93,5.3,7.31,16.82,14.08,0.985,1.03,0.999,2.962,-0.884,0.437,84.044,-3.212,77.464,132.111,267.823,-6.991,68.576,-0.367,16.465,-4.497,14.112,5.948,-1
11.04,1.53,5.6,6.28,3.23,6.45,2.21,5.09,6.28,9.68,1.53,4.07,4.07,3.4,4.75,6.62,5.43,8.83,0.85,3.06,44.82,24.11,31.07,42.61,17.49,33.62,13.92,10.7,6.79,0,0,0,0,9.68,3.4,8.49,39.05,37.69,2.55,0.68,2.72,14.09,12.56,5.77,4.41,7.13,19.19,17.49,0.977,1.036,1.006,2.871,-0.849,0.438,81.24,-2.847,78.487,127.18,269.598,-5.693,64.542,-0.112,15.09,-3.918,13.316,6.024,-1
3.42,1.71,7.69,5.98,0,10.26,1.71,8.55,8.55,7.69,0.85,8.55,2.56,0.85,2.56,6.84,8.55,5.98,2.56,5.13,35.9,28.21,35.9,2.56,48.72,42.74,0,18.8,1.71,2,0,1,1,0.85,0.85,0.85,1.71,2.56,5.98,3.42,12.82,32.48,34.19,4.27,3.42,10.26,17.09,15.38,1.05,0.958,1.002,1.386,-0.826,0.454,81.254,-16.701,79.88,128.446,268.265,-4.657,64.26,-0.549,15.331,-4.426,14.073,5.913,-1
8.59,1.23,4.29,6.75,4.91,7.36,3.07,6.75,6.44,9.82,0,2.15,5.21,3.68,4.91,7.98,7.36,5.83,0.92,2.76,40.8,29.45,29.75,51.53,3.37,39.57,13.8,0.31,6.13,0,0,0,0,5.83,2.76,7.98,46.32,43.25,0.61,0.61,0.31,2.15,2.15,4.29,3.07,4.6,20.55,19.63,0.997,1.017,1.001,3.075,-0.876,0.443,81.911,-5.951,76.66,127.952,267.666,-7.885,65.26,-0.189,15.305,-4.02,13.494,6.084,-1
18.59,0,7.69,3.21,2.56,6.73,1.28,5.13,8.65,6.09,3.53,4.17,4.81,3.21,0.96,7.05,3.21,9.29,0.96,2.88,49.04,21.47,29.49,72.76,0,25.32,4.81,0,2.56,0,0,0,0,10.26,2.24,12.18,67.95,64.1,0,0,0,0,0,5.13,6.41,5.45,13.46,12.18,0.967,1.061,0.979,3.077,-0.784,0.433,77.612,-1.734,82.413,122.127,271.542,-4.965,59.806,0.036,13.354,-3.059,11.521,5.958,-1
12.71,0.85,6.78,6.78,3.39,7.63,3.39,9.32,3.39,4.24,3.39,5.08,1.69,1.69,7.63,5.08,5.93,6.78,1.69,2.54,44.92,23.73,31.36,11.86,44.07,34.75,4.24,13.56,4.24,0,0,0,0,0.85,0.85,3.39,11.02,10.17,3.39,3.39,9.32,29.66,33.05,4.24,7.63,7.63,18.64,19.49,0.967,1.047,1.004,2.207,-0.789,0.439,81.067,1.949,82.593,128.588,270.568,-3.556,64.54,-0.209,15.236,-4.365,14.763,6.02,-1
8.97,0.69,6.21,6.9,5.52,5.52,3.45,4.83,8.28,11.03,2.07,2.76,5.52,2.76,5.52,6.9,6.9,4.83,0.69,0.69,39.31,25.52,35.17,64.83,0,31.72,15.86,0,6.9,0,0,0,0,9.66,0.69,13.1,60.69,53.79,0,0,0,0,0,4.14,6.21,6.9,22.07,18.62,0.986,1.047,0.965,3.189,-0.848,0.439,82.811,-9.524,77.469,129.245,266.924,-8.181,66.455,-0.35,15.452,-4.445,15.89,6.131,-1
15.16,0.32,7.42,4.84,1.94,11.29,3.87,3.55,0.65,9.03,0.65,1.61,5.16,2.9,6.45,4.19,7.42,8.71,1.94,2.9,44.19,29.68,26.13,30.97,18.39,42.58,8.71,10,9.68,0,0,0,0,5.81,2.26,6.13,29.03,26.13,2.9,0.65,2.9,11.94,12.9,4.84,5.16,9.35,20.32,16.77,1,1.018,0.99,3.335,-0.772,0.44,77.023,6.794,77.052,123.196,275.719,-7.901,58.3,-0.079,13.604,-3.543,12.341,5.941,-1
7.29,1.04,5.21,8.85,5.21,4.17,0.52,7.81,8.85,7.29,3.65,6.25,5.73,5.73,2.6,4.17,7.29,1.56,2.6,4.17,40.62,21.88,37.5,36.98,14.06,43.75,13.54,6.25,6.25,0,0,0,0,3.65,3.12,13.54,34.9,30.73,3.12,2.08,2.6,10.42,11.46,5.21,3.65,6.77,20.31,18.23,0.983,1.043,0.981,2.884,-0.888,0.441,85.911,-16.312,79.385,133.98,263.318,-7.78,71.059,-0.594,16.882,-4.716,13.936,5.906,-1
6.06,10.1,7.07,4.04,6.06,4.04,0,3.03,5.05,11.11,0,11.11,4.04,3.03,4.04,9.09,5.05,3.03,1.01,3.03,43.43,21.21,35.35,58.59,0,37.37,11.11,0,8.08,10,6,0,4,12.12,1.01,8.08,56.57,47.47,0,0,0,0,0,7.07,6.06,11.11,18.18,18.18,1.056,0.953,0.998,1.907,-0.812,0.436,81.013,-4.182,76.414,129.442,257.495,-8.894,64.126,-0.283,17.41,-4.51,11.176,5.787,-1
6.99,2.1,4.9,6.29,4.9,4.2,2.8,4.2,1.4,14.69,2.1,4.2,7.69,1.4,5.59,6.99,6.99,6.29,2.8,3.5,47.55,22.38,30.07,68.53,0,28.67,11.89,0,2.8,0,0,0,0,11.19,0,13.99,64.34,60.14,0,0,0,0,0,3.5,4.9,4.2,12.59,9.79,0.991,1.011,1.026,4.438,-1.034,0.431,84.458,13.441,74.224,131.354,272.559,-12.583,68.606,0.068,16.603,-3.914,11.39,5.906,-1
7.05,0.76,5.04,4.53,6.3,4.79,1.26,7.3,2.02,8.56,3.02,8.82,5.04,4.79,6.05,6.55,7.81,6.3,1.26,2.77,43.32,25.19,31.49,31.23,29.72,32.49,12.09,10.83,7.05,0,0,0,0,8.56,3.02,8.56,28.46,27.96,4.03,1.51,7.56,21.41,21.41,5.04,3.53,6.55,15.11,13.35,0.993,1,1.042,3.298,-0.91,0.439,83.546,2.861,81.806,130.923,266.564,-8.705,68.074,-0.158,15.908,-4.356,10.519,5.93,-1
5.15,2.94,6.13,4.9,4.66,8.58,4.17,2.94,5.15,9.07,0.98,3.68,6.62,2.94,5.88,7.35,4.9,5.88,4.17,3.92,39.71,27.94,32.35,9.8,36.27,44.61,2.45,20.34,9.56,12,2,4,6,1.23,0.49,2.45,9.07,5.39,4.9,2.7,7.11,26.23,28.68,5.88,4.17,8.82,17.89,13.97,1.041,0.973,0.992,2.917,-0.868,0.44,83.365,-0.061,71.828,131.95,266.586,-11.064,67.205,-0.499,16.837,-4.626,14.033,6.073,-1
6.93,0.99,5.28,7.59,2.31,8.91,2.64,7.26,7.92,7.26,1.98,3.63,5.94,4.62,4.29,3.96,5.94,5.94,1.65,4.95,39.27,26.07,34.65,25.74,25.41,41.25,9.57,13.53,6.27,0,0,0,0,4.29,0.99,8.91,22.77,22.11,2.64,0.66,7.26,17.82,19.47,3.63,4.95,10.89,21.45,18.81,1.008,1.01,0.99,2.335,-0.844,0.448,83.119,-12.792,76.211,130.155,267.32,-6.788,66.799,-0.505,15.798,-4.397,14.663,6.058,-1
6.19,1.03,7.22,4.12,4.12,12.37,1.03,7.22,9.28,8.25,1.03,6.19,2.06,5.15,2.06,6.19,2.06,10.31,0,4.12,42.27,26.8,30.93,17.53,25.77,51.55,4.12,7.22,5.15,0,0,0,0,2.06,1.03,3.09,16.49,13.4,4.12,0,6.19,19.59,19.59,7.22,8.25,4.12,29.9,28.87,1.008,0.991,1.028,2.346,-0.852,0.449,80.556,-7.608,77.392,125.694,269.722,-2.194,63.787,-0.138,14.632,-3.53,12.547,5.983,-1
6.59,0,8.79,7.69,4.4,5.49,0,8.79,9.89,6.59,0,6.59,0,5.49,3.3,2.2,9.89,9.89,0,4.4,40.66,23.08,36.26,32.97,40.66,19.78,6.59,10.99,3.3,0,0,0,0,1.1,2.2,4.4,30.77,32.97,3.3,0,12.09,28.57,29.67,4.4,3.3,4.4,13.19,9.89,0.953,1.041,1.049,2.075,-0.854,0.448,84.374,-19.945,82.308,131.043,267.934,-0.65,69.162,-0.397,15.691,-4.6,15.554,5.887,-1
6.67,1.21,5.45,7.88,2.42,6.67,0,6.67,6.67,10.3,3.64,3.03,2.42,3.64,6.06,4.85,8.48,7.88,2.42,3.64,44.85,23.64,31.52,35.15,23.64,32.12,9.09,13.33,6.06,0,0,0,0,5.45,0.61,5.45,30.91,27.88,2.42,1.82,5.45,16.36,17.58,4.85,3.64,9.09,20.61,15.76,0.955,1.046,1.035,2.977,-0.93,0.441,84.656,-4.127,77.206,131.339,270.036,-4.142,69.488,-0.156,16.3,-4.254,13.805,6.02,-1
3.92,0,5.88,11.76,7.84,1.96,0,3.92,9.8,9.8,7.84,0,3.92,3.92,7.84,0,11.76,5.88,0,3.92,43.14,17.65,39.22,74.51,0,17.65,3.92,0,0,0,0,0,0,7.84,0,9.8,68.63,66.67,0,0,0,0,0,0,1.96,3.92,13.73,9.8,0.907,1.111,1.011,3.496,-0.999,0.433,90.563,-12.902,75.196,139.019,268.235,-6.38,77.686,-0.459,18.145,-5.294,18.349,6.102,-1
4.28,3.21,3.74,6.95,2.14,4.81,4.81,5.35,8.56,8.02,3.21,3.74,2.67,5.88,1.6,6.42,6.95,8.56,3.21,5.88,43.85,28.88,27.27,37.97,29.41,27.27,9.63,6.95,3.21,0,0,0,0,4.81,1.6,8.56,35.83,36.9,4.81,1.07,6.42,19.25,18.18,4.81,3.74,3.74,13.9,10.16,0.971,1.021,1.048,2.297,-0.909,0.431,86.022,-4.15,75.332,134.03,265.706,-6.87,71.645,-0.356,17.536,-4.409,13.773,6.001,-1
7.34,0.92,6.42,5.5,3.67,5.5,0.92,9.17,11.01,7.34,2.75,4.59,4.59,4.59,2.75,4.59,2.75,9.17,0.92,5.5,46.79,18.35,34.86,29.36,22.94,41.28,11.93,2.75,5.5,0,0,0,0,4.59,2.75,1.83,25.69,27.52,0.92,0,2.75,16.51,14.68,4.59,2.75,1.83,18.35,16.51,0.964,1.034,1.038,2.803,-0.956,0.441,85.557,-7.275,77.404,131.311,268.514,-4.027,70.726,-0.165,16.36,-4.014,14.011,6.084,-1
4.17,1.04,7.81,3.12,5.21,7.81,2.08,4.69,6.77,10.42,4.69,3.12,4.69,4.17,5.21,7.29,5.73,6.25,1.04,4.69,42.19,27.08,30.73,22.4,13.02,57.29,1.56,5.73,11.98,0,0,0,0,3.65,0.52,3.65,19.27,16.67,2.08,0,1.56,9.9,10.94,8.85,3.12,7.29,27.6,24.48,1.005,0.998,1.019,3.3,-0.941,0.44,84.172,-1.521,75.161,131.494,269.552,-7.892,68.827,-0.273,16.254,-4.324,13.347,6.061,-1
8.33,1.16,1.39,4.63,5.09,10.42,1.16,14.81,4.86,11.11,3.24,1.39,4.63,2.55,2.78,4.86,4.4,7.87,1.16,4.17,56.94,23.38,19.68,60.88,1.85,31.25,14.58,0,5.09,0,0,0,0,8.8,3.24,5.09,55.79,56.48,0.23,0,0.23,1.16,1.16,2.31,1.85,2.31,18.06,15.05,0.938,1.026,1.109,4.758,-1.156,0.434,84.09,25.039,73.618,126.67,277.289,-6.138,68.787,0.853,15.71,-2.048,8.029,6.058,-1
6.15,1.54,3.08,7.69,3.08,6.15,1.54,13.85,12.31,12.31,0,1.54,3.08,3.08,3.08,1.54,6.15,7.69,1.54,4.62,50.77,18.46,30.77,83.08,0,16.92,0,0,0,0,0,0,0,6.15,3.08,9.23,78.46,80,0,0,0,0,0,1.54,0,0,9.23,4.62,0.92,1.057,1.087,3.805,-1.101,0.439,88.437,-0.246,72.292,132.043,273,-3.104,74.575,0.24,17.182,-3.41,14.375,6.229,-1
